Seq ID	Database
FosB|KHF36147.1	NCBI
FosB|QFT89586.1	NCBI
FosB|CEG28828.1	NCBI
FosB|CVG59057.1	NCBI
FosB|CVE26681.1	NCBI
FosB|CAH3881804.1	NCBI
FosB|CAH5149275.1	NCBI
FosB|SAP90298.1	NCBI
FosB|CAB5642053.1	NCBI
FosB|SUQ48668.1	NCBI
FosB|SUQ52470.1	NCBI
FosB|CAH5121455.1	NCBI
FosB|SAY41916.1	
FosB|CVF70724.1	
FosB|SUI70446.1	NCBI
FosB|CAB1211585.1	NCBI
FosB|VEI65731.1	NCBI
FosB|VEI17318.1	NCBI
FosB|VEA63601.1	
FosB|QJW57164.1	NCBI
FosB|SPZ56604.1	NCBI
FosB|CUW05469.1	NCBI
FosB|KXK03615.1	NCBI
FosB|OQD30318.1	NCBI
FosB|CUB12765.1	NCBI
FosB|KAA1806250.1	NCBI
FosB|PRP98343.1	NCBI
FosB|SME50049.1	NCBI
FosB|OQA84384.1	NCBI
FosB|OPZ18495.1	NCBI
FosB|GFI57834.1	NCBI
FosB|OPZ99400.1	NCBI
FosB|OQC65146.1	NCBI
FosB|OQB31216.1	NCBI
FosB|CAH0141187.1	NCBI
FosB|SME43997.1	NCBI
FosB|KKB31390.1	NCBI
FosB|VIJ03647.1	NCBI
FosB|SME27573.1	NCBI
FosB|SME32129.1	NCBI
FosB|SME37808.1	NCBI
FosB|BBK94740.1	NCBI
FosB|SME11712.1	NCBI
FosB|CCP18801.1	NCBI
FosB|EZP44538.1	NCBI
FosB|SBT15615.1	NCBI
FosB|PHX04366.1	NCBI
FosB|SBS66619.1	NCBI
FosB|SBS61165.1	NCBI
FosB|ARP40075.1	NCBI
FosA|BCK26500.1	NCBI
FosA|BCK08815.1	NCBI
FosA|BCK15943.1	NCBI
FosA|BCK30083.1	NCBI
FosA|BCK33691.1	NCBI
FosA|BCI78153.1	NCBI
FosB|SMY35255.1	NCBI
FosB|SMY16525.1	NCBI
FosB|SMY34658.1	NCBI
FosB|KPZ65762.1	NCBI
FosB|KPV99083.1	NCBI
FosA|BCK12304.1	NCBI
FosA|SPY11144.1	NCBI
FosB|CQR46377.1	NCBI
FosB|VIJ02339.1	NCBI
FosB|CUB11887.1	NCBI
FosB|OPX49942.1	NCBI
FosB|ATX39752.1	NCBI
FosB|OOM10624.1	NCBI
FosB|OOM17707.1	NCBI
FosB|OOM05261.1	NCBI
FosB|OOM81444.1	NCBI
FosB|OOM65952.1	NCBI
FosB|OOM71702.1	NCBI
FosB|OOM36291.1	NCBI
FosB|CZF82400.1	NCBI
FosB|SPS12267.1	NCBI
FosB|OAL07820.1	NCBI
FosB|CEF51448.1	
FosB|OOM57101.1	NCBI
FosB|PMQ03177.1	NCBI
FosB|CDZ84833.1	NCBI
FosB|VTP87105.1	NCBI
FosB|SBO08249.1	NCBI
FosB|SNX49909.1	NCBI
FosB|QHJ11241.1	NCBI
FosB|KAF1038120.1	NCBI
FosB|STY29148.1	NCBI
FosB|KTD57061.1	NCBI
FosB|VEH12928.1	NCBI
FosB|STO35372.1	NCBI
FosB|ASQ46656.1	NCBI
FosB|OEH48565.1	NCBI
FosB|STO22886.1	NCBI
FosB|CDZ77238.1	NCBI
FosB|GBF25723.1	NCBI
FosB|STX58937.1	NCBI
FosB|GJD66476.1	NCBI
FosB|TDZ72866.1	NCBI
FosB|QCH24570.1	NCBI
FosB|VFA98641.1	NCBI
FosB|TEA01150.1	NCBI
FosB|TDZ91274.1	NCBI
FosB|VVM08156.1	NCBI
FosB|QHI36794.1	NCBI
FosA|CAF1842603.1	NCBI
FosA|CAF1839709.1	NCBI
FosA|CAF1745713.1	NCBI
FosB|SME48815.1	NCBI
FosB|SME49808.1	NCBI
FosB|KAA1807328.1	NCBI
FosB|VIJ04727.1	NCBI
FosB|SME73211.1	NCBI
FosB|SME46774.1	NCBI
FosB|OQD28332.1	NCBI
FosB|CUB13805.1	NCBI
FosB|COE94027.1	NCBI
FosB|PRP93004.1	NCBI
FosB|SME47493.1	NCBI
FosB|BBK95803.1	NCBI
FosB|ERH99409.1	NCBI
FosB|SME49661.1	NCBI
FosB|SME38889.1	NCBI
FosA|CAF1757266.1	NCBI
FosA|CAF1804111.1	NCBI
FosA|CAF1845483.1	NCBI
FosA|CAF1824615.1	NCBI
FosA|CAF1736688.1	NCBI
FosA|CAF1898176.1	
FosB|POZ54507.1	NCBI
FosB|SMD59705.1	NCBI
FosA|SME51523.1	NCBI
FosB|TWK83597.1	NCBI
FosB|TWM67190.1	NCBI
FosB|TWM29014.1	NCBI
FosB|TWK81915.1	NCBI
FosB|TWO04002.1	NCBI
FosB|TWN65822.1	NCBI
FosB|KAF0994001.1	NCBI
FosB|CWW82664.1	NCBI
FosB|STP69200.1	
FosB|SME35243.1	NCBI
FosB|SME31762.1	NCBI
FosB|SME38980.1	NCBI
FosB|VFB16508.1	NCBI
FosB|SUB57576.1	NCBI
FosB|VEJ34792.1	NCBI
FosB|SPY48065.1	NCBI
FosB|SUB58555.1	NCBI
FosC|ARO_3000380	Kleborate 
FosB|QXX74855.1	NCBI
FosA|QWF85178.1	NCBI
FosB|CAA2142259.1	NCBI
FosB|OAX50432.1	NCBI
FosB|CDQ20664.1	NCBI
FosB|ARK30194.1	NCBI
FosB|ASC71922.1	NCBI
FosB|QDU82079.1	NCBI
FosB|QDU39952.1	NCBI
FosB|QEF98227.1	NCBI
FosB|QDV87232.1	NCBI
FosB|AOC97253.1	NCBI
FosB|STZ69711.1	NCBI
FosB|OAX51136.1	NCBI
FosB|KHF33923.1	NCBI
FosB|CAH0276609.1	NCBI
FosB|STZ30253.1	NCBI
FosB|OQB27042.1	NCBI
FosB|SUQ42968.1	NCBI
FosB|SUQ40734.1	
FosK|QOC77005.1	NCBI
FosD|OUZ35262.1	NCBI
FosD|OTP49885.1	NCBI
FosD|OTO14438.1	NCBI
Extradioldioxygenase|WP_251829021.1	
FosA|QKK81325.1	NCBI
FosA|GJL77589.1	NCBI
FosB|WP_186331450.1	NCBI
FosB|USU80481.1	NCBI
FosB|WP_064205983.1	NCBI
FosB|UIK43284.1	NCBI
FosB|WP_237625505.1	NCBI
FosB|VEF87209.1	NCBI
FosB|WP_182562558.1	NCBI
FosB|WP_058703100.1	NCBI
FosB|WP_020361082.1	NCBI
FosB|UTF17071.1	NCBI
FosB|WP_002491254.1	NCBI
FosB|WP_070853438.1	NCBI
FosB|WP_002487482.1	NCBI
FosB|WP_203401134.1	NCBI
FosB|UIK39585.1	NCBI
FosB|WP_070592616.1	NCBI
FosB|WP_060545958.1	NCBI
FosB|EES35391.1	NCBI
FosB|WP_002475417.1	NCBI
FosB|WP_203161716.1	NCBI
FosB|WP_193625733.1	NCBI
FosB|WP_002473493.1	NCBI
FosB|WP_049376601.1	NCBI
FosB|WP_038398907.1	NCBI
FosB|RLY65490.1	NCBI
FosB|EJE14110.1	NCBI
FosB|TBW90149.1	NCBI
FosB|EES35390.1	NCBI
FosB|EJE21930.1	NCBI
FosB|WP_139062368.1	NCBI
FosB|WP_151507588.1	NCBI
FosB|WP_252907014.1	NCBI
FosB|WP_162152765.1	NCBI
FosB|WP_049386965.1	NCBI
FosB|UTF67969.1	NCBI
FosB|WP_070653113.1	NCBI
FosB|WP_131112948.1	NCBI
FosB|UTF84138.1	NCBI
FosB|WP_107515736.1	NCBI
FosB|CP000029.1	CARD+ResFinder
FosB|UTF77280.1	NCBI
FosB|WP_002469265.1	NCBI
FosB|UJF13507.1	NCBI
FosB|CP043845.1	CARD+ResFinder
FosA|GIM48034.1	NCBI
FosB|BCB02981.1	NCBI
FosX|AIG27680.1	NCBI
FosX|GIO00808.1	NCBI
FosB|GGB66593.1	NCBI
FosB|CAH1055020.1	NCBI
FosA|GFR37621.1	NCBI
FosA|GGF75858.1	NCBI
FosB|CAH0346016.1	NCBI
FosA|GGJ09657.1	NCBI
FosB|BDG36454.1	NCBI
FosB|QXJ39934.1	NCBI
FosA|CAG7648386.1	NCBI
FosA|CAG7649535.1	NCBI
FosA|UQZ81674.1	NCBI
FosB|UIY38586.1	NCBI
FosB|WP_020007611.1	NCBI
FosB|WP_133581240.1	NCBI
FosB|WP_165200701.1	NCBI
FosB|WP_232136478.1	NCBI
FosB|GEP81965.1	NCBI
FosB|OHP99471.1	NCBI
FosB|BBN86004.1	NCBI
FosB|WP_229041497.1	NCBI
FosM|WP_209388327.1	NCBI
FosB|ULH19149.1	NCBI
FosM|WP_180960759.1	NCBI
FosB|QLG09219.1	NCBI
FosB|AWD15549.1	NCBI
FosB|WP_128496559.1	NCBI
FosB|AWM50076.1	NCBI
FosB|QRL11358.1	NCBI
FosB|UNE53247.1	NCBI
FosB|QEK99238.1	NCBI
FosB|QEO32740.1	NCBI
FosB|WP_230639797.1	NCBI
FosB|QYR14327.1	NCBI
FosB|WP_198863635.1	NCBI
FosB|WP_172800834.1	NCBI
FosB|WP_205689179.1	NCBI
FosB|WP_060386859.1	NCBI
FosB|URN35365.1	NCBI
FosB|URJ75336.1	NCBI
FosB|UIO93540.1	NCBI
FosB|QRV11218.1	NCBI
FosM|QTU93958.1	NCBI
FosM|WP_172802838.1	
FosB|USP43157.1	NCBI
FosM|WP_026581781.1	NCBI
FosB|WP_194074627.1	NCBI
FosB|RKQ33917.1	NCBI
FosB|AZU65027.1	NCBI
FosM|WP_126342911.1	NCBI
FosM|WP_191703884.1	NCBI
FosM|WP_057989936.1	NCBI
FosB|KHF39962.1	NCBI
FosB|WP_248269312.1	NCBI
FosB|PGZ90724.1	NCBI
FosM|WP_088066445.1	NCBI
FosB|PGS56328.1	NCBI
FosB|PET76121.1	NCBI
FosB|PFM74366.1	NCBI
FosB|PEC46445.1	NCBI
FosB|PGL69018.1	NCBI
FosB|PGM59447.1	NCBI
FosB|KQL37681.1	NCBI
FosB|PFH91044.1	NCBI
FosB|PEK99593.1	NCBI
FosB|PEJ57558.1	NCBI
FosB|QKE75205.1	NCBI
FosM|WP_129691205.1	NCBI
FosM|WP_088013588.1	NCBI
FosB|KKI92875.1	NCBI
FosM|WP_042355650.1	NCBI
FosB|PCK18896.1	NCBI
FosM|WP_144461488.1	NCBI
FosB|RAU06303.1	NCBI
FosM|UDF16481.1	NCBI
FosB|QLI76396.1	NCBI
FosB|AMM99158.1	NCBI
FosM|WP_144520003.1	NCBI
FosM|WP_169055987.1	NCBI
FosB|QNP16294.1	NCBI
FosB|AZV54143.1	NCBI
FosB|PSB73954.1	NCBI
FosB|RSD28770.1	NCBI
FosM|WP_226675166.1	NCBI
FosM|WP_102262446.1	NCBI
FosM|WP_198135578.1	NCBI
FosB|GAM12501.1	NCBI
FosM|WP_213369408.1	NCBI
FosM|WP_251612764.1	NCBI
FosB|WP_251041141.1	NCBI
FosB|WP_251009465.1	NCBI
FosM|WP_226087549.1	NCBI
FosM|WP_167830408.1	NCBI
FosB|WP_180272456.1	NCBI
FosB|WP_197412157.1	NCBI
FosB|KUF22697.1	NCBI
FosB|PCK10394.1	NCBI
FosB|QRF32167.1	NCBI
FosB|PLT40362.1	NCBI
FosB|OMP27384.1	NCBI
FosM|WP_218676779.1	NCBI
FosB|QLI43865.1	NCBI
FosM|WP_230031610.1	NCBI
FosB|PIK27070.1	NCBI
FosB|WP_235675497.1	NCBI
FosB|TYS28060.1	NCBI
FosM|WP_226567321.1	NCBI
FosB|QEO64116.1	NCBI
FosB|AKC67850.1	NCBI
FosB|QQX13441.1	NCBI
FosB|TFW49691.1	NCBI
FosM|WP_072368002.1	NCBI
FosM|WP_017186968.1	NCBI
FosB|GEN45050.1	NCBI
FosB|VWA43288.1	NCBI
FosM|WP_110397492.1	NCBI
FosM|WP_090884896.1	NCBI
FosB|WP_239588272.1	NCBI
FosB|WP_242520223.1	NCBI
FosB|WP_027953663.1	NCBI
FosB|WP_224871533.1	NCBI
FosB|WP_160889840.1	NCBI
FosB|WP_160835042.1	NCBI
FosB|WP_160841559.1	NCBI
FosB|WP_222462190.1	NCBI
FosB|WP_190997483.1	NCBI
FosB|QQZ05477.1	NCBI
FosM|WP_216384923.1	NCBI
FosB|WP_026690458.1	NCBI
FosM|WP_251340557.1	NCBI
FosB|OJH20013.1	NCBI
FosB|GIN41892.1	NCBI
FosM|WP_180213686.1	NCBI
FosB|QFF98956.1	NCBI
FosM|WP_245402507.1	NCBI
FosM|WP_223492072.1	NCBI
FosM|WP_106589961.1	NCBI
FosB|KPB05990.1	NCBI
FosM|WP_226682932.1	NCBI
FosM|WP_168865470.1	NCBI
FosM|WP_010199775.1	NCBI
FosB|TYS69369.1	NCBI
FosB|KGR76357.1	NCBI
FosB|TYS58483.1	NCBI
FosB|ART75106.1	NCBI
FosB|QCR32460.1	NCBI
FosB|OEH94327.1	NCBI
FosM|WP_164217154.1	NCBI
FosB|GIN21376.1	NCBI
FosB|QKY70599.1	NCBI
FosM|WP_114351615.1	NCBI
FosB|ENH97003.1	NCBI
FosB|KMY54227.1	NCBI
FosM|WP_077247379.1	NCBI
FosB|KMY50037.1	NCBI
FosB|QDI93179.1	NCBI
FosB|AXF57391.1	NCBI
FosM|WP_132747037.1	NCBI
FosB|RIN35067.1	NCBI
FosB|RCT52848.1	NCBI
FosM|WP_216883925.1	NCBI
FosM|WP_059105267.1	NCBI
FosM|WP_205137914.1	NCBI
FosB|PAC34010.1	NCBI
FosB|WP_176010503.1	NCBI
FosM|WP_207960136.1	NCBI
FosB|TSJ63487.1	NCBI
FosB|TQS75055.1	NCBI
FosM|WP_107943461.1	NCBI
FosB|GEN82591.1	NCBI
FosM|WP_040954940.1	NCBI
FosM|WP_233880869.1	NCBI
FosM|WP_019377145.1	NCBI
FosB|APC47823.1	NCBI
FosB|CDQ32701.1	NCBI
FosM|WP_160804527.1	NCBI
FosM|WP_060679566.1	NCBI
FosM|WP_121615322.1	NCBI
FosM|WP_040978867.1	NCBI
FosM|WP_080873842.1	NCBI
FosM2|ARO_3007098	CARD+ResFinder
FosB|QQK82041.1	NCBI
FosB|QQK77700.1	NCBI
FosB|WP_052245910.1	NCBI
FosB|VDH00342.1	NCBI
FosM|WP_025784580.1	NCBI
FosM|WP_251660131.1	NCBI
FosM|WP_141432732.1	NCBI
FosM|WP_010529146.1	NCBI
FosB|TXL57804.1	NCBI
FosB|CEI82897.1	NCBI
FosB|GIO17517.1	NCBI
FosM|WP_251250286.1	NCBI
FosB|WP_005549667.1	NCBI
FosB|WP_171415473.1	NCBI
FosB|WP_138185492.1	NCBI
FosB|WP_021255096.1	NCBI
FosB|WP_142544526.1	NCBI
FosB|WP_065290531.1	NCBI
FosB|WP_044357447.1	NCBI
FosB|WP_021260435.1	NCBI
FosM|WP_251694594.1	NCBI
FosM|WP_251698276.1	NCBI
FosB|TYS70479.1	NCBI
FosB|GIN85906.1	NCBI
FosB|QQZ09895.1	NCBI
FosB|QQX27110.1	NCBI
FosB|PTY79492.1	NCBI
FosB|RST76077.1	NCBI
FosB|EIJ82298.1	NCBI
FosB|AQS57460.1	NCBI
FosM|QUG40648.1	NCBI
FosM|WP_045515813.1	NCBI
FosM|WP_182104547.1	NCBI
FosB|WP_252120647.1	NCBI
FosB|WP_053584870.1	NCBI
FosB|WP_085523448.1	NCBI
FosB|QGG53467.1	NCBI
FosM|WP_153730265.1	NCBI
FosB|AVK86499.1	NCBI
FosB|QDQ00984.1	NCBI
FosM|WP_107948711.1	NCBI
FosM|WP_107924065.1	NCBI
FosB|EON71217.1	NCBI
FosB|KUF35216.1	NCBI
FosM|WP_036128605.1	NCBI
FosB|PKU50524.1	NCBI
FosM|WP_016995044.1	NCBI
FosB|SPT97426.1	NCBI
FosB|OCX60694.1	NCBI
FosB|EKU44202.1	NCBI
FosB|TBV87667.1	NCBI
FosB|UNT56001.1	NCBI
FosB|RDV34612.1	NCBI
FosB|KGR82392.1	NCBI
FosM|WP_221681558.1	NCBI
FosB|AUS88640.1	NCBI
FosM|WP_205445992.1	NCBI
FosM|WP_249106685.1	NCBI
FosM|WP_068984973.1	NCBI
FosM|WP_197143848.1	NCBI
FosB|QQP12197.1	NCBI
FosB|OXS72872.1	NCBI
FosB|TQR34256.1	NCBI
FosB|KOP81002.1	NCBI
FosM|WP_248717366.1	NCBI
FosB|PJO42042.1	NCBI
FosB|QPQ28953.1	NCBI
FosB|KMY33859.1	NCBI
FosB|KPN95882.1	NCBI
FosB|WP_198696040.1	NCBI
FosB|ACA41881.1	NCBI
FosB|B1HZM2.2	NCBI
FosB|ODV54027.1	NCBI
FosB|EAZ86676.1	NCBI
FosM|WP_144788817.1	NCBI
FosM|WP_025113664.1	NCBI
FosB|KAB0445432.1	NCBI
FosB|WP_117326061.1	NCBI
FosB|WP_249660755.1	NCBI
FosB|KEK11360.1	NCBI
FosB|WP_241605107.1	NCBI
FosM|WP_217581872.1	NCBI
FosB|QDZ97435.1	NCBI
FosB|QPQ33982.1	NCBI
FosB|POZ54787.1	NCBI
FosB|TKI59486.1	NCBI
FosB|SUV19474.1	NCBI
FosB|GED64501.1	NCBI
FosM|WP_093211553.1	NCBI
FosM|WP_239534810.1	NCBI
FosB|OUZ38636.1	NCBI
FosM|WP_241371085.1	NCBI
FosB|CRK84546.1	NCBI
FosM|WP_107838001.1	NCBI
FosB|RUL47445.1	NCBI
FosM|WP_163528805.1	NCBI
FosM|WP_079526049.1	NCBI
FosB|TSI07916.1	NCBI
FosB|ATP40622.1	NCBI
FosB|KON90125.1	NCBI
FosM|WP_077622540.1	NCBI
FosB|CRK82382.1	NCBI
FosM|WP_179600319.1	NCBI
FosM|WP_063252465.1	NCBI
FosM|WP_223596115.1	NCBI
FosM|WP_066095573.1	NCBI
FosB|ETI67439.1	NCBI
FosB|QCJ40796.1	NCBI
FosB|KLT18692.1	NCBI
FosM|WP_217283016.1	NCBI
FosM|WP_029193597.1	NCBI
FosB|KRF11182.1	NCBI
FosM|WP_216628014.1	NCBI
FosM|WP_216625175.1	NCBI
FosB|KRE52151.1	NCBI
FosB|CAH2717660.1	NCBI
FosB|CAG9609946.1	NCBI
FosB|PPA70928.1	NCBI
FosB|KAB7672033.1	NCBI
FosB|WP_247339224.1	NCBI
FosB|PGT82492.1	NCBI
FosM|WP_121664296.1	NCBI
FosM|UHA60762.1	NCBI
FosM|WP_090790775.1	NCBI
FosM|WP_027963738.1	NCBI
FosB|AIQ69339.1	NCBI
FosB|PLS18024.1	NCBI
FosM|WP_163971078.1	NCBI
FosM|WP_075617939.1	NCBI
FosB|SQI59816.1	NCBI
FosB|QNK89583.1	NCBI
FosB|AXJ99463.1	NCBI
FosB|WP_152381429.1	NCBI
FosB|WP_044645583.1	NCBI
FosB|WP_149032856.1	NCBI
FosB|WP_229522819.1	NCBI
FosB|WP_225999466.1	NCBI
FosB|AET60551.1	NCBI
FosB|QYK61775.1	NCBI
FosB|URJ69801.1	NCBI
FosB|KAF6645567.1	NCBI
FosB|WP_102997932.1	NCBI
FosB|WP_174820811.1	NCBI
FosB|WP_167440917.1	NCBI
FosB|KAF6580566.1	NCBI
FosB|WP_016821064.1	NCBI
FosB|WP_013370855.1	NCBI
FosB|WP_058829544.1	NCBI
FosB|WP_064963281.1	NCBI
FosB|WP_129549137.1	NCBI
FosB|KAF6566636.1	NCBI
FosB|QOH61775.1	NCBI
FosB|WP_235308179.1	NCBI
FosB|WP_209941851.1	NCBI
FosB|WP_068940734.1	NCBI
FosB|WP_028542404.1	NCBI
FosB|WP_220027711.1	NCBI
FosB|WP_025723664.1	NCBI
FosB|WP_023988314.1	NCBI
FosB|WP_160790860.1	NCBI
FosB|WP_103047800.1	NCBI
FosB|QNV61735.1	NCBI
FosB|KAF6580874.1	NCBI
FosB|WP_250268148.1	NCBI
FosB|AET60550.1	NCBI
FosB|WP_250244849.1	NCBI
FosB|WP_061830328.1	NCBI
FosB|RLQ94266.1	NCBI
FosB|PLR95095.1	NCBI
FosX|CBJ90190.1	NCBI
FosB|WP_026671858.1	NCBI
FosB|WP_243527478.1	NCBI
FosB|KAB8135742.1	NCBI
FosM|WP_156857065.1	NCBI
FosB|WP_235764093.1	NCBI
FosB|GGN66021.1	NCBI
FosM|WP_224880652.1	NCBI
FosB|QGQ45786.1	NCBI
FosB|QGH33673.1	NCBI
FosB|RUQ28370.1	NCBI
FosM|WP_217065734.1	NCBI
FosB|PYZ94893.1	NCBI
FosB|CZF82385.1	NCBI
FosB|RDW19911.1	NCBI
FosB|AXI08733.1	NCBI
FosB|OZU87600.1	NCBI
FosM|WP_213104127.1	NCBI
FosB|QED46239.1	NCBI
FosM|WP_253923707.1	NCBI
FosB|GAE31594.1	NCBI
FosB|TFB19544.1	NCBI
FosM|WP_097075170.1	NCBI
FosM|WP_113885007.1	NCBI
FosB|OHX51096.1	NCBI
FosM|WP_211202687.1	NCBI
FosM|WP_254178627.1	NCBI
FosM|WP_221881139.1	NCBI
FosM|WP_254179277.1	NCBI
FosM|UQX54088.1	NCBI
FosB|AND41904.1	NCBI
FosB|QOK25472.1	NCBI
FosB|RNC98052.1	NCBI
FosM|WP_191706711.1	NCBI
FosM|WP_218349675.1	NCBI
FosM|WP_026567218.1	NCBI
FosM|WP_251459941.1	NCBI
FosB|PFP27573.1	NCBI
FosM3|ARO_3007099	CARD+ResFinder
FosB|TDL61478.1	NCBI
FosM|WP_093272736.1	NCBI
FosB|UOE56123.1	NCBI
FosM|WP_066372675.1	NCBI
FosM|WP_088088046.1	NCBI
FosM|WP_205180432.1	NCBI
FosM|WP_205181114.1	NCBI
FosM|ULT59436.1	NCBI
FosM|WP_088090770.1	NCBI
FosM|WP_010280825.1	NCBI
FosM|WP_251518447.1	NCBI
FosB|RKL64758.1	NCBI
FosM|WP_251686355.1	NCBI
FosB|THE13088.1	NCBI
FosB|RFB14813.1	NCBI
FosM|WP_226035242.1	NCBI
FosB|TYR75853.1	NCBI
FosB|TYS13178.1	NCBI
FosB|TYS81058.1	NCBI
FosB|TYR95363.1	NCBI
FosB|KKK38105.1	NCBI
FosM|WP_106497218.1	NCBI
FosB|OIK11795.1	NCBI
FosB|WP_231710663.1	NCBI
FosM|WP_153836056.1	NCBI
FosM|WP_163578682.1	NCBI
FosM|WP_018932968.1	NCBI
FosM|WP_163581464.1	NCBI
FosM|WP_124223604.1	NCBI
FosM|WP_071396634.1	NCBI
FosM|WP_149472734.1	NCBI
FosB|RHW29309.1	NCBI
FosM|WP_085994206.1	NCBI
FosB|PWA11183.1	NCBI
FosM|WP_156291100.1	NCBI
FosM|WP_066052289.1	NCBI
FosM|WP_091482109.1	NCBI
FosM|WP_246362903.1	NCBI
FosB|OPH62141.1	NCBI
FosM|WP_079409140.1	NCBI
FosM|WP_078410553.1	NCBI
FosM|WP_028395716.1	NCBI
FosB|RRN67903.1	NCBI
FosM|WP_148357757.1	NCBI
FosB|CAH0276592.1	NCBI
FosB|CAH0318132.1	NCBI
FosB|QNU04294.1	NCBI
FosM|WP_091187115.1	NCBI
FosB|PEJ32165.1	NCBI
FosM|WP_251430041.1	NCBI
FosB|ASS95357.1	NCBI
FosB|TVX78671.1	NCBI
FosB|WP_042224376.1	NCBI
FosB|WP_119578213.1	NCBI
FosB|WP_238018747.1	NCBI
FosB|AVQ98462.1	NCBI
FosB|WP_036574318.1	NCBI
FosB|WP_058949948.1	NCBI
FosB|RKQ17232.1	NCBI
FosB|RKQ18690.1	NCBI
FosB|WP_163177447.1	NCBI
FosB|WP_079504977.1	NCBI
FosM|WP_214705068.1	NCBI
FosM|WP_254758924.1	NCBI
FosM|WP_144542922.1	NCBI
FosM|WP_110066926.1	NCBI
FosM|WP_066295196.1	NCBI
FosB|KAB2329980.1	NCBI
FosM|WP_252278615.1	NCBI
FosM|WP_251038275.1	NCBI
FosM|WP_253512930.1	NCBI
FosB|PCD05906.1	NCBI
FosB|KRF58489.1	NCBI
FosM|WP_194719395.1	NCBI
FosB|QNK48870.1	NCBI
FosB|CAH0148015.1	NCBI
FosB|PAW26318.1	NCBI
FosB|PEF40758.1	NCBI
FosB|TKH06427.1	NCBI
FosB|TKH11484.1	NCBI
FosM|WP_245406469.1	NCBI
FosB|CAH0234956.1	NCBI
FosM|WP_141993668.1	NCBI
FosM|WP_076370520.1	NCBI
FosB|PEZ80175.1	NCBI
FosB|CAH0305255.1	NCBI
FosB|TDL85977.1	NCBI
FosB|AZV62696.1	NCBI
FosB|PAL05970.1	NCBI
FosM|WP_252296583.1	NCBI
FosM|QYF85451.1	NCBI
FosM|WP_251544356.1	NCBI
FosM|WP_063590048.1	NCBI
FosM|WP_207118094.1	NCBI
FosB|PRA75514.1	NCBI
FosB|PEO43405.1	NCBI
FosB|PHD71584.1	NCBI
FosB|PRS33467.1	NCBI
FosM|WP_250648775.1	NCBI
FosM|WP_249596079.1	NCBI
FosM|WP_249599303.1	NCBI
FosB|CEG34736.1	NCBI
FosM|WP_251029199.1	NCBI
FosM|WP_245405581.1	NCBI
FosM|WP_225988890.1	NCBI
FosB|PAK39921.1	NCBI
FosM|WP_241637854.1	NCBI
FosB|KOR80494.1	NCBI
FosB|WP_172294379.1	NCBI
FosB|QHZ46545.1	NCBI
FosB|WP_148955832.1	NCBI
FosB|WP_076763800.1	NCBI
FosB|WP_175076248.1	NCBI
FosB|UOY90706.1	NCBI
FosB|WP_006638452.1	NCBI
FosB|WP_046132296.1	NCBI
FosB|WP_144498089.1	NCBI
FosB|WP_212110489.1	NCBI
FosB|WP_039072690.1	
FosB|WP_224145986.1	NCBI
FosB|WP_195536252.1	NCBI
FosB|WP_165426845.1	NCBI
FosB|UCU91199.1	NCBI
FosB|QSF98307.1	NCBI
FosB|WP_145929649.1	NCBI
FosB|WP_224066976.1	NCBI
FosB|WP_152848102.1	NCBI
FosB|WP_145624523.1	NCBI
FosB|UAL27456.1	NCBI
FosB|WP_216920449.1	
FosB|WP_076790869.1	NCBI
FosB|EWH21472.1	NCBI
FosB|WP_043927384.1	NCBI
FosB|WP_061576255.1	NCBI
FosB|WP_145871827.1	NCBI
FosB|GIN28466.1	NCBI
FosB|WP_080626906.1	NCBI
FosB|USY60552.1	NCBI
FosB|WP_151297410.1	NCBI
FosB|Q65KJ5.1	NCBI
FosB|WP_073425579.1	NCBI
FosB|UIN47529.1	NCBI
FosB|WP_176275818.1	
FosB|WP_216929033.1	NCBI
FosB|WP_028400009.1	NCBI
FosB|WP_181471179.1	NCBI
FosB|WP_243388362.1	NCBI
FosB|Q9KBZ6.1	NCBI
FosB|EDL66327.1	NCBI
FosB|WP_125903739.1	NCBI
FosB|WP_092098620.1	NCBI
FosB|WP_031548141.1	NCBI
FosB|WP_040106835.1	NCBI
FosB|WP_059282224.1	NCBI
FosB|WP_059350317.1	NCBI
FosB|WP_010174926.1	NCBI
FosB|WP_119545710.1	NCBI
FosB|PHX04211.1	NCBI
FosB|WP_185766240.1	NCBI
FosB|WP_239430861.1	NCBI
FosB|WP_060205397.1	NCBI
FosB|WP_026692834.1	NCBI
FosB|WP_155112115.1	NCBI
FosB|WP_046789768.1	NCBI
FosB|WP_253937060.1	NCBI
FosB|WP_042149496.1	NCBI
FosB|WP_096273538.1	NCBI
FosB|WP_026909196.1	NCBI
FosB|WP_010093927.1	NCBI
FosB|WP_047979795.1	NCBI
FosB|WP_100011273.1	NCBI
FosB|GGJ01114.1	NCBI
FosB|WP_191273914.1	NCBI
FosB|WP_240338302.1	NCBI
FosB|WP_108668796.1	NCBI
FosB|WP_102028467.1	NCBI
FosB|WP_207520921.1	NCBI
FosB|WP_235117647.1	NCBI
FosB|WP_188174548.1	NCBI
FosB|WP_016428804.1	NCBI
FosB|WP_160644325.1	NCBI
FosB|WP_162036906.1	NCBI
FosB|WP_128526648.1	NCBI
FosB|WP_197207166.1	NCBI
FosB|URT72833.1	NCBI
FosB|WP_197246148.1	NCBI
FosB|WP_226619196.1	NCBI
FosB|USK40891.1	NCBI
FosB|WP_159869224.1	NCBI
FosB|WP_251169386.1	NCBI
FosB|WP_088052022.1	NCBI
FosM|WP_084543304.1	NCBI
FosB|WP_226577565.1	NCBI
FosB|WP_231789492.1	NCBI
FosB|WP_094253771.1	NCBI
FosM|UTR14727.1	NCBI
FosB|UJW57794.1	NCBI
FosM|WP_078576774.1	NCBI
FosB|KMK74703.1	NCBI
FosB|WP_122901256.1	NCBI
FosB|WP_205167507.1	NCBI
FosB|UAC48435.1	NCBI
FosB|WP_053219238.1	NCBI
FosB|WP_026771178.1	NCBI
FosB|QTM99804.1	NCBI
FosM|WP_074596981.1	NCBI
FosB|WP_191157934.1	NCBI
FosB|WP_035407278.1	NCBI
FosB|WP_211556407.1	NCBI
FosB|WP_123913671.1	NCBI
FosB|WP_088043184.1	NCBI
FosB|WP_017548270.1	NCBI
FosB|WP_046516369.1	NCBI
FosM|WP_251554827.1	NCBI
FosM|WP_181347664.1	NCBI
FosB|PXY53860.1	NCBI
FosB|Q8CXK5.2	NCBI
FosB|WP_251046504.1	NCBI
FosB|WP_251047312.1	NCBI
FosM|WP_026133722.1	NCBI
FosB|OEH53299.1	NCBI
FosM|WP_069686313.1	NCBI
FosM|WP_155668853.1	NCBI
FosB|CDQ40841.1	NCBI
FosB|WP_200416504.1	NCBI
FosB|GGJ70819.1	NCBI
FosB|WP_186869209.1	NCBI
FosB|WP_201777663.1	NCBI
FosB|WP_239534132.1	NCBI
FosB|WP_056829804.1	NCBI
FosB|WP_053589580.1	NCBI
FosB|CAG9621506.1	NCBI
FosB|WP_205187565.1	NCBI
FosB|WP_166000549.1	NCBI
FosB|WP_237438679.1	NCBI
FosB|WP_098442663.1	NCBI
FosB|QHA90989.1	NCBI
FosM|WP_224599773.1	NCBI
FosB|WP_077317946.1	NCBI
FosM|WP_216483179.1	NCBI
FosB|CAD5934193.1	NCBI
FosB|CAH2571937.1	NCBI
FosB|BAU40737.1	NCBI
FosB|WP_073008541.1	NCBI
FosB|WP_077705704.1	NCBI
FosB|WP_101932455.1	NCBI
FosB|RKI77657.1	NCBI
FosM|WP_077296993.1	NCBI
FosB|API91212.1	NCBI
FosB|WP_225193612.1	NCBI
FosB|WP_079480246.1	NCBI
FosB|WP_135327150.1	NCBI
FosB|GIP64087.1	NCBI
FosB|GGA85132.1	NCBI
FosB|PWU70345.1	NCBI
FosB|WP_186576670.1	NCBI
FosB|WP_174616043.1	NCBI
FosM|WP_246202569.1	NCBI
FosB|KAA0545383.1	NCBI
FosM|WP_214803626.1	NCBI
FosB|CEJ78225.1	NCBI
FosM|WP_223060824.1	NCBI
FosB|WP_093335740.1	NCBI
FosM|WP_090927269.1	NCBI
FosB|WP_217587619.1	NCBI
FosB|WP_102813184.1	NCBI
FosB|KRE01720.1	NCBI
FosB|WP_251467891.1	NCBI
FosB|WP_216889461.1	NCBI
FosB|WP_223546571.1	NCBI
FosA|KAF5406668.1	NCBI
FosB|PHF74442.1	NCBI
FosB|QFY72977.1	NCBI
FosB|WP_209369127.1	NCBI
FosB|WP_108674668.1	NCBI
FosB|UNO47298.1	NCBI
FosB|WP_146825027.1	NCBI
FosB|WP_134160898.1	NCBI
FosB|WP_119416757.1	NCBI
FosB|WP_227396161.1	NCBI
FosB|WP_134373539.1	NCBI
FosM|WP_243299564.1	NCBI
FosM|WP_097160101.1	NCBI
FosB|KQU63010.1	NCBI
FosB|UKS65857.1	NCBI
FosB|WP_251401007.1	NCBI
FosB|WP_090775106.1	NCBI
FosB|WP_053428765.1	NCBI
FosB|WP_048006786.1	NCBI
FosB|WP_048012222.1	NCBI
FosB|USK92712.1	NCBI
FosB|WP_188990489.1	NCBI
FosB|WP_072581300.1	NCBI
FosB|QOR67709.1	NCBI
FosB|WP_193538213.1	NCBI
FosB|WP_157294344.1	NCBI
FosB|WP_092052410.1	NCBI
FosB|WP_103841916.1	NCBI
FosB|WP_008297646.1	NCBI
FosB|OOM07045.1	NCBI
FosB|OPJ58304.1	NCBI
FosB|CAG9708756.1	NCBI
FosB|AQR97997.1	NCBI
FosB|OOM66834.1	NCBI
FosB|OOM28502.1	NCBI
FosB|OOM19463.1	NCBI
FosB|OOM49201.1	NCBI
FosB|OOM54844.1	NCBI
FosB|OOM39177.1	NCBI
FosA|VGO17516.1	NCBI
FosA|VGO21758.1	NCBI
FosB|WP_063182126.1	NCBI
FosB|WP_041121151.1	NCBI
FosB|WP_134682862.1	NCBI
FosB|WP_126429179.1	NCBI
FosB|AEV85368.1	NCBI
FosA|QTE02818.1	NCBI
FosA|SFY47449.1	NCBI
FosA|CAD5915736.1	NCBI
FosA|UTJ16683.1	NCBI
FosA|QUW95501.1	NCBI
FosB|PPS72490.1	NCBI
FosB|RPK84276.1	NCBI
FosB|QHY95761.1	NCBI
FosA|CAH0140550.1	NCBI
FosA|CAB3787468.1	NCBI
FosB|EUA73478.1	NCBI
FosA|SON61332.1	NCBI
FosA|SOJ56538.1	NCBI
FosB|STX14398.1	NCBI
FosB|VEW10656.1	NCBI
FosB|AEV85285.1	NCBI
FosB|RPK61493.1	NCBI
FosB|AGS67493.1	NCBI
FosB|GAT82299.1	NCBI
FosB|KIA74860.1	NCBI
FosB|AFU05616.1	NCBI
FosB|ADD43307.1	NCBI
FosB|QKG18590.1	NCBI
FosB|ADI04415.1	NCBI
FosB|CAN91136.1	NCBI
FosA|ULP70649.1	NCBI
FosB|WP_089314583.1	NCBI
FosB|QKG26904.1	NCBI
FosB|OLT26928.1	NCBI
FosB|WP_093273093.1	NCBI
FosB|RSM58142.1	NCBI
FosB|AEW93015.1	NCBI
FosB|KUN09399.1	NCBI
FosB|KOG39001.1	NCBI
FosB|OOV12079.1	NCBI
FosB|OKI06847.1	NCBI
FosB|WP_053922582.1	NCBI
FosB|WP_046926665.1	NCBI
FosB|WP_093886682.1	NCBI
FosB|WP_086571186.1	NCBI
FosB|ACZ88990.1	NCBI
FosB|WP_062355524.1	NCBI
FosB|AQZ62622.1	NCBI
FosB|OPG14226.1	NCBI
FosB|GAT67015.1	NCBI
FosB|OKJ05616.1	NCBI
FosB|PJN29304.1	NCBI
FosB|KUM74665.1	NCBI
FosB|KOG38278.1	NCBI
FosB|WP_073448430.1	NCBI
FosB|PJN36130.1	NCBI
FosB|KUL34963.1	NCBI
FosB|OXL37162.1	NCBI
FosB|OKI00724.1	NCBI
FosB|OPC79757.1	NCBI
FosB|KOG51745.1	NCBI
FosB|KUJ26511.1	NCBI
FosB|KWT62244.1	NCBI
FosB|AWN28829.1	NCBI
FosB|AZS73467.1	NCBI
FosB|AOP50414.1	NCBI
FosB|ARH92594.1	NCBI
FosB|KUL23416.1	NCBI
FosB|AKA05350.1	NCBI
FosB|AIA05165.1	NCBI
FosA|QYC41082.1	NCBI
FosB|EPJ35988.1	NCBI
FosB|WP_115450043.1	NCBI
FosB|CAG7914967.1	NCBI
FosB|SUM83660.1	NCBI
FosB|CEI81697.1	NCBI
FosB|CDQ32563.1	NCBI
FosB|RDL46336.1	NCBI
FosB|CEG26327.1	NCBI
FosB|WP_048827774.1	NCBI
FosB|WP_053365769.1	NCBI
FosB|WP_059173184.1	NCBI
FosB|WP_053365779.1	NCBI
FosB|WP_118919019.1	NCBI
FosB|WP_202078873.1	NCBI
FosB|WP_066202907.1	NCBI
FosM|WP_204439443.1	NCBI
FosB|WP_075037730.1	NCBI
FosM|WP_017473024.1	NCBI
FosB|WP_027410707.1	NCBI
FosB|WP_066149454.1	NCBI
FosB|WP_044742103.1	NCBI
FosB|WP_080859834.1	NCBI
FosB|WP_248892657.1	NCBI
FosB|WP_003348511.1	NCBI
FosB|WP_051985106.1	NCBI
FosB|ARP43911.1	NCBI
FosB|WP_031407470.1	NCBI
FosB|WP_190300693.1	NCBI
FosB|A4IS40.1	NCBI
FosB|UOE75693.1	NCBI
FosB|WP_185215568.1	NCBI
FosB|BDG46037.1	NCBI
FosB|WP_185223277.1	NCBI
FosB|WP_013400198.1	NCBI
FosB|BDG30936.1	NCBI
FosB|WP_093856481.1	NCBI
FosB|SHE13988.1	NCBI
FosB|WP_165215442.1	NCBI
FosB|GFZ80502.1	NCBI
FosB|REJ28580.1	NCBI
FosB|WP_020156033.1	NCBI
FosB|OUM91883.1	NCBI
FosB|WP_061570074.1	NCBI
FosB|REJ29931.1	NCBI
FosC|ADB10197.1	NCBI
FosB|SAL82865.1	NCBI
FosB|WP_091176706.1	NCBI
FosB|WP_095255248.1	NCBI
FosB|WP_103997301.1	NCBI
FosB|WP_254634960.1	NCBI
FosB|WP_009676745.1	NCBI
FosB|OPX42785.1	NCBI
FosB|WP_042230905.1	NCBI
FosB|WP_055744787.1	NCBI
FosB|WP_203353452.1	NCBI
FosB|AEV86192.1	NCBI
FosB|WP_092274658.1	NCBI
FosB|WP_122925917.1	NCBI
FosB|WP_122908749.1	NCBI
FosB|WP_023557948.1	NCBI
FosB|WP_122913077.1	NCBI
FosB|WP_103106750.1	NCBI
FosB|WP_049742677.1	NCBI
FosB|WP_063227937.1	NCBI
FosB|WP_242775258.1	NCBI
FosB|GEB35075.1	NCBI
FosB|UED72025.1	NCBI
FosB|WP_122906421.1	NCBI
FosB|WP_221842870.1	NCBI
FosB|WP_025844440.1	NCBI
FosB|QHZ55436.1	NCBI
FosB|WP_007786020.1	NCBI
FosB|WP_197186820.1	NCBI
FosB|WP_198830006.1	NCBI
FosB|ASL45240.1	NCBI
FosB|QFR14529.1	NCBI
FosB|QKM47258.1	NCBI
FosB|POM17105.1	NCBI
FosB|WP_251876037.1	NCBI
FosB|EMT51969.1	NCBI
FosB|WP_171506069.1	NCBI
FosB|WP_031931860.1	NCBI
FosB|WP_035989751.1	NCBI
FosB|QZT34798.1	NCBI
FosB|WP_104850754.1	NCBI
FosB|WP_049671194.1	NCBI
FosM|WP_120668660.1	NCBI
FosB|WP_115653772.1	NCBI
FosB|WP_251396651.1	NCBI
FosB|WP_208732361.1	NCBI
FosB|WP_048021118.1	NCBI
FosB|WP_176344120.1	NCBI
FosB|WP_221833401.1	NCBI
FosB|WP_243494597.1	NCBI
FosB|WP_063248070.1	NCBI
FosB|AKP77178.1	NCBI
FosB|WP_014460255.1	NCBI
FosB|WP_221782988.1	NCBI
FosB|WP_129708855.1	NCBI
FosB|WP_192997343.1	NCBI
FosB|WP_164798009.1	NCBI
FosB|WP_045290434.1	NCBI
FosB|WP_216141859.1	NCBI
FosB|AXI29074.1	NCBI
FosB|WP_221815021.1	NCBI
FosB|OHY76555.1	NCBI
FosB|WP_057236887.1	NCBI
FosB|WP_195694125.1	NCBI
FosB|WP_050688743.1	NCBI
FosB|WP_098278077.1	NCBI
FosB|WP_252285192.1	NCBI
FosB|WP_195780163.1	NCBI
FosB|WP_116072484.1	NCBI
FosB|WP_252298867.1	NCBI
FosB|WP_041063654.1	NCBI
FosB|WP_138879689.1	NCBI
FosB|WP_169507041.1	NCBI
FosG|AEC13073.1	NCBI
FosK|AEC13077.1	NCBI
FosB|WP_054957337.1	NCBI
FosB|WP_068608922.1	NCBI
FosB|WP_139600079.1	NCBI
FosX|STD23604.1	NCBI
FosB|WP_019636538.1	NCBI
FosB|WP_091232060.1	NCBI
FosB|WP_182536157.1	NCBI
FosB|WP_211078727.1	NCBI
FosB|WP_098901088.1	NCBI
FosB|WP_057273107.1	NCBI
FosB|WP_252288142.1	NCBI
FosB|RFB40757.1	NCBI
FosB|WP_098602620.1	NCBI
FosB|USL38448.1	NCBI
FosB|WP_098598395.1	NCBI
FosB|QLC87073.1	NCBI
FosB|WP_136789374.1	NCBI
FosB|WP_252123157.1	NCBI
FosB|WP_098249810.1	NCBI
FosB|CAH0217424.1	NCBI
FosB|WP_097823524.1	NCBI
FosB|WP_208756439.1	NCBI
FosB|WP_116516365.1	NCBI
FosB|WP_121945023.1	NCBI
FosB|WP_251462016.1	NCBI
FosB|WP_061785981.1	NCBI
FosB|WP_161508358.1	NCBI
FosB|WP_122916872.1	NCBI
FosB|RAS90464.1	NCBI
FosB|KYG29180.1	NCBI
FosB|EJR31176.1	NCBI
FosB|OOR22777.1	NCBI
FosB|PGU24446.1	NCBI
FosB|BBK96850.1	NCBI
FosB|WP_199696737.1	NCBI
FosB|WP_154136607.1	NCBI
FosB|AIM13297.1	NCBI
FosB|AJH89613.1	NCBI
FosB|EEM92187.1	NCBI
FosB|PFT11086.1	NCBI
FosB|AZJ24208.1	NCBI
FosB|WP_149214291.1	NCBI
FosB|WP_098909879.1	NCBI
FosB|WP_098639580.1	NCBI
FosB|WP_098625583.1	NCBI
FosB|WP_222655753.1	NCBI
FosB|WP_098082330.1	NCBI
FosB|WP_097925394.1	NCBI
FosB|WP_098284750.1	NCBI
FosB|WP_098235856.1	NCBI
FosB|WP_002090713.1	NCBI
FosB|WP_048567206.1	NCBI
FosB|WP_088083289.1	NCBI
FosB|WP_016128161.1	NCBI
FosB|WP_088020253.1	NCBI
FosB|WP_097882893.1	NCBI
FosB|WP_098615074.1	NCBI
FosB|WP_002068866.1	NCBI
FosB|WP_201039938.1	NCBI
FosB|WP_098343988.1	NCBI
FosB|WP_078204197.1	NCBI
FosB|WP_044441332.1	NCBI
FosB|WP_002090011.1	NCBI
FosB|WP_098853107.1	NCBI
FosB|UEL06863.1	NCBI
FosB|AJ605334.1	CARD+ResFinder
FosB|WP_097987959.1	NCBI
FosB|WP_098398517.1	NCBI
FosB|WP_242242834.1	NCBI
FosB|WP_000616114.1	NCBI
FosB|WP_193413371.1	NCBI
FosB|WP_208019539.1	NCBI
FosB|WP_087966607.1	NCBI
FosB|WP_016095028.1	NCBI
FosB|WP_098685833.1	NCBI
FosB|WP_063263888.1	NCBI
FosB|WP_098318136.1	NCBI
FosB|WP_080029186.1	NCBI
FosB|WP_098173592.1	NCBI
FosB|QDD87296.1	NCBI
FosB|WP_095022379.1	NCBI
FosB|WP_061184277.1	NCBI
FosB|WP_098586762.1	NCBI
FosB|WP_098417685.1	NCBI
FosB|WP_050845468.1	NCBI
FosB|WP_090814665.1	NCBI
FosB|WP_098827248.1	NCBI
FosB|WP_000531576.1	NCBI
FosB|WP_098589349.1	NCBI
FosB|WP_176584916.1	NCBI
FosB|WP_182005490.1	NCBI
FosB|WP_029715142.1	NCBI
FosB|WP_098600381.1	NCBI
FosB|WP_144633427.1	NCBI
FosB|WP_251622070.1	NCBI
FosB|WP_153254809.1	NCBI
FosB|UKJ82854.1	NCBI
FosB|WP_193422489.1	NCBI
FosB|WP_251530870.1	NCBI
FosB|WP_013083016.1	NCBI
FosB|UMZ35210.1	NCBI
FosB|WP_047931598.1	NCBI
FosB|QSF29987.1	NCBI
FosB|QSF41260.1	NCBI
FosB|WP_074895854.1	NCBI
FosB|WP_237074869.1	NCBI
FosB|WP_066099887.1	NCBI
FosB|WP_140461336.1	NCBI
FosB|WP_025752225.1	NCBI
FosM|WP_112180558.1	NCBI
FosM|WP_132372104.1	NCBI
FosB|WP_101667049.1	NCBI
FosB|WP_101660503.1	NCBI
FosM|WP_013487232.1	NCBI
FosM|WP_209403722.1	NCBI
FosB|GGI09943.1	NCBI
FosB|WP_239582811.1	NCBI
FosB|WP_224841711.1	NCBI
FosB|WP_096435021.1	NCBI
FosM|WP_026677506.1	NCBI
FosB|REK71171.1	NCBI
FosM|WP_214895544.1	NCBI
FosB|WP_132006365.1	NCBI
FosM|WP_121612304.1	NCBI
FosB|WP_239454404.1	NCBI
FosM|WP_244751770.1	NCBI
FosM|WP_245035439.1	NCBI
FosB|ARW09086.1	NCBI
FosB|ASS69995.1	NCBI
FosB|OAT85418.1	NCBI
FosB|KSU58339.1	NCBI
FosB|WP_198257465.1	NCBI
FosM|QTC42918.1	NCBI
FosM|WP_217703486.1	NCBI
FosM|QWC21109.1	NCBI
FosB|OIU68562.1	NCBI
FosM|WP_224874804.1	NCBI
FosM|WP_251195176.1	NCBI
FosM|WP_251223196.1	NCBI
FosB|WP_100534295.1	NCBI
FosB|WP_245402939.1	NCBI
FosB|WP_057914024.1	NCBI
FosB|WP_207198786.1	NCBI
FosB|WP_207196245.1	NCBI
FosB|WP_207205100.1	NCBI
FosB|KRF62023.1	NCBI
FosB|KQU23261.1	NCBI
FosB|WP_101331267.1	NCBI
FosM|WP_033542759.1	NCBI
FosM|WP_205854513.1	NCBI
FosM|WP_233538979.1	NCBI
FosB|QHJ72426.1	NCBI
FosB|RAZ79696.1	NCBI
FosB|WP_152445011.1	NCBI
FosM|WP_251429726.1	NCBI
FosM|WP_237664290.1	NCBI
FosB|KMJ59943.1	NCBI
FosM|WP_079476300.1	NCBI
FosB|GEK58181.1	NCBI
FosM|WP_018923997.1	NCBI
FosM|WP_200748508.1	NCBI
FosB|QOV09683.1	NCBI
FosB|WP_053419224.1	NCBI
FosB|OMC90903.1	NCBI
FosB|OMC86194.1	NCBI
FosB|KAA0560444.1	NCBI
FosB|TYS89830.1	NCBI
FosM|WP_092493304.1	NCBI
FosM|WP_092506094.1	NCBI
FosM|WP_209481183.1	NCBI
FosM|WP_249872121.1	NCBI
FosM|WP_067727416.1	NCBI
FosB|WP_095370831.1	NCBI
FosM|WP_191813514.1	NCBI
FosM|WP_251162944.1	NCBI
FosB|WP_154308781.1	NCBI
FosB|PGZ64758.1	NCBI
FosB|EEK79238.1	NCBI
FosB|OJE47137.1	NCBI
FosB|OHX32030.1	NCBI
FosB|SCM94068.1	NCBI
FosB|EJQ52657.1	NCBI
FosB|PGZ10680.1	NCBI
FosB|PGT20869.1	NCBI
FosB|OFD83612.1	NCBI
FosB|PQZ54036.1	NCBI
FosB|KMN45094.1	NCBI
FosB|OJD74384.1	NCBI
FosB|PGN99550.1	NCBI
FosB|PGS27769.1	NCBI
FosB|PFS16536.1	NCBI
FosB|OJD72369.1	NCBI
FosB|PEZ92862.1	NCBI
FosB|EEL88310.1	NCBI
FosB|PEB82340.1	NCBI
FosB|GCF75613.1	NCBI
FosB|SCC20298.1	NCBI
FosB|PGY32074.1	NCBI
FosB|SME39410.1	NCBI
FosB|OJE43141.1	NCBI
FosB|KXY84526.1	NCBI
FosB|OQR56307.1	NCBI
FosB|PGQ11726.1	NCBI
FosB|PFU38118.1	NCBI
FosB|PGO32545.1	NCBI
FosB|PGT09377.1	NCBI
FosB|PFE14750.1	NCBI
FosB|SCM94968.1	NCBI
FosB|SCN31971.1	NCBI
FosB|OAK06786.1	NCBI
FosB|SCN03274.1	NCBI
FosB|OTX86310.1	NCBI
FosB|EEK67984.1	NCBI
FosB|OUB47735.1	NCBI
FosB|EJQ49331.1	NCBI
FosB|PGS11863.1	NCBI
FosB|PFW84757.1	NCBI
FosB|OAK09228.1	NCBI
FosB|UOB94793.1	NCBI
FosB|SCC31734.1	NCBI
FosB|PHC66666.1	NCBI
FosB|SCN43717.1	NCBI
FosB|SCV19734.1	NCBI
FosB|Q739M9.1	NCBI
FosB|SME45153.1	NCBI
FosB|CUB10018.1	NCBI
FosB|PDZ15472.1	NCBI
FosB|PDZ51695.1	NCBI
FosB|OTX62733.1	NCBI
FosB|RKF51869.1	NCBI
FosB|OJD79701.1	NCBI
FosB|OUB15842.1	NCBI
FosB|CUB55233.1	NCBI
FosB|PGS25004.1	NCBI
FosB|OJD65863.1	NCBI
FosB|KXY91762.1	NCBI
FosB|OUA09558.1	NCBI
FosB|PGW28168.1	NCBI
FosB|PDZ61657.1	NCBI
FosB|PFN01511.1	NCBI
FosB|PFB70494.1	NCBI
FosB|PGV47217.1	NCBI
FosB|PIE92579.1	NCBI
FosB|ADK04657.1	NCBI
FosB|PFR14434.1	NCBI
FosB|AXY10332.1	NCBI
FosB|Q6HJT7.1	NCBI
FosB|OOZ94871.1	NCBI
FosB|OOZ84058.1	NCBI
FosB|BCD17166.1	NCBI
FosB|AOY15507.1	NCBI
FosB|OKA31196.1	NCBI
FosB|ONG68376.1	NCBI
FosB|OJD85991.1	NCBI
FosB1|ACJ79839.1	NCBI
FosB|AIE79198.1	NCBI
FosB|KXO04722.1	NCBI
FosB|PGK37679.1	NCBI
FosB|KMP63263.1	NCBI
FosB|BCD23006.1	NCBI
FosB|ADY21365.1	NCBI
FosB|Q63CC5.1	NCBI
FosB1|ACO26078.1	NCBI
FosB|AIK32537.1	NCBI
FosB|PEZ03348.1	NCBI
FosB|WP_251229521.1	NCBI
FosB|PEA53076.1	NCBI
FosB|PGZ93313.1	NCBI
FosB|CAG9614294.1	NCBI
FosB|PEY34612.1	NCBI
FosB|KMT50958.1	NCBI
FosB|A7GNY8.1	NCBI
FosB|EEK73638.1	NCBI
FosB|A9VRT9.1	NCBI
FosB|PHD66913.1	NCBI
FosB|PGB38260.1	NCBI
FosB|EOP43807.1	NCBI
FosB|PHD51428.1	NCBI
FosB|PHG08681.1	NCBI
FosB|OFD09280.1	NCBI
FosB|OQD30426.1	NCBI
FosB|AFU12674.1	NCBI
FosB|EJR60764.1	NCBI
FosB|KWU53574.1	NCBI
FosB|OUB04909.1	NCBI
FosB|OSM14009.1	NCBI
FosB|PGM96705.1	NCBI
FosB|EEL71167.1	NCBI
FosB|EJQ72021.1	NCBI
FosB|RAN88363.1	NCBI
FosB|EOO16270.1	NCBI
FosB|EJP96732.1	NCBI
FosB|EJQ43027.1	NCBI
FosB|PJN64816.1	NCBI
FosB|EJV71068.1	NCBI
FosB|EEL06565.1	NCBI
FosB|PFK33566.1	NCBI
FosB|KEK19983.1	NCBI
FosB|EEL51085.1	NCBI
FosB|WP_097835000.1	NCBI
FosB|WP_033671126.1	NCBI
FosB|EOQ09167.1	NCBI
FosB|KFN03169.1	NCBI
FosB|KYG32645.1	NCBI
FosB|PFW61949.1	NCBI
FosB|PHE52800.1	NCBI
FosB|WP_098625247.1	NCBI
FosB|KFN11765.1	NCBI
FosB|EEM11528.1	NCBI
FosB|EEL99719.1	NCBI
FosB|EEL34942.1	NCBI
FosB|EEL23393.1	NCBI
FosB|EPF06592.1	NCBI
FosB|PEJ20996.1	NCBI
FosB|KIV63736.1	NCBI
FosB|RAN73879.1	NCBI
FosB|OOR17134.1	NCBI
FosB|ETT77777.1	NCBI
FosB|OTY15847.1	NCBI
FosB|OOR62966.1	NCBI
FosB|KZD35561.1	NCBI
FosB1|AAT31156.1	NCBI
FosB|PEL91872.1	NCBI
FosB|AZJ20203.1	NCBI
FosB|PEO85087.1	NCBI
FosB|PHG60587.1	NCBI
FosB|SCL92815.1	NCBI
FosB|PER32001.1	NCBI
FosB|PHF10927.1	NCBI
FosB|PGB77191.1	NCBI
FosB|BCD28927.1	NCBI
FosB|PEM99453.1	NCBI
FosB|SCC20990.1	NCBI
FosB|PDZ43627.1	NCBI
FosB|PEX86368.1	NCBI
FosB|PFN28398.1	NCBI
FosB|EJS76014.1	NCBI
FosB|EJS67712.1	NCBI
FosB|KMP98493.1	NCBI
FosB|PFQ48396.1	NCBI
FosB|PGU08911.1	NCBI
FosB|PEJ54987.1	NCBI
FosB|PHF22985.1	NCBI
FosB|PHG68034.1	NCBI
FosB|CKH07831.1	NCBI
FosB|TEA81287.1	NCBI
FosB|RHW07308.1	NCBI
FosB|PFV29322.1	NCBI
FosB|OUA92854.1	NCBI
FosB|PFE66688.1	NCBI
FosB|EJR05544.1	NCBI
FosB1|ACK97093.1	NCBI
FosB|PHB53913.1	NCBI
FosB|EOO36859.1	NCBI
FosB|PEW73838.1	NCBI
FosB|PFI81840.1	NCBI
FosB|OPD55467.1	NCBI
FosB|PFN23653.1	NCBI
FosB|CJG91481.1	NCBI
FosB|PGS55046.1	NCBI
FosB|KXY63579.1	NCBI
FosB|PER64114.1	NCBI
FosB|PFQ30556.1	NCBI
FosB|OTZ69637.1	NCBI
FosB|SUV12674.1	NCBI
FosB|KMP49819.1	NCBI
FosB1|ACK61677.1	NCBI
FosB|OUB21567.1	NCBI
FosB1|CP001903.1	CARD+ResFinder
FosB|OPA19373.1	NCBI
FosB|EJR79157.1	NCBI
FosB|EJR99978.1	NCBI
FosB|ANC19051.1	NCBI
FosB|PGK81451.1	NCBI
FosB|ASL64708.1	NCBI
FosB|OUB91423.1	NCBI
FosB|OTW70034.1	NCBI
FosB|PFE99343.1	NCBI
FosB|OJE04857.1	NCBI
FosB|AUB64754.1	NCBI
FosB|KXY25809.1	NCBI
FosB|ANN32109.1	NCBI
FosB|PGZ49591.1	NCBI
FosB|CKI42916.1	NCBI
FosB|OUB41833.1	NCBI
FosB|ARO_3000172	Kleborate 
FosB|EEL76781.1	NCBI
FosB|SME72406.1	NCBI
FosB|EJR24396.1	NCBI
FosB|PNK36214.1	NCBI
FosB|AOM05124.1	NCBI
FosB|EEK62423.1	NCBI
FosB1|AGE77782.1	NCBI
FosB|ANS47618.1	NCBI
FosB|RSI75920.1	NCBI
FosB|BAV80234.1	NCBI
FosB|KJQ65061.1	NCBI
FosB|RSI93573.1	NCBI
FosB|RSJ11737.1	NCBI
FosB|KAA1806364.1	NCBI
FosB|WP_077604094.1	NCBI
FosB|WP_188738079.1	NCBI
FosB|WP_147209701.1	NCBI
FosB|WP_152656743.1	NCBI
FosM|WP_224938131.1	NCBI
FosB|WP_095258899.1	NCBI
FosB|WP_251687688.1	NCBI
FosB|PAE11872.1	NCBI
FosB|QJX62835.1	NCBI
FosB|WP_071352505.1	NCBI
FosB|WP_090988974.1	NCBI
FosB|UQZ77001.1	NCBI
FosB|GGE60321.1	NCBI
FosB|GGG86770.1	NCBI
FosM|WP_099156747.1	NCBI
FosM|WP_240257788.1	NCBI
FosB|GGA15529.1	NCBI
FosM|WP_222641112.1	NCBI
FosM|WP_204954586.1	NCBI
FosB|TXC85713.1	NCBI
FosM|WP_226671530.1	NCBI
FosM|WP_235793819.1	NCBI
FosB|KHE72420.1	NCBI
FosB|WP_229593697.1	NCBI
FosM|WP_224519260.1	NCBI
FosM|WP_254652013.1	NCBI
FosB|WP_060671219.1	NCBI
FosB|OXS59567.1	NCBI
FosM|WP_061809414.1	NCBI
FosB|QHE62534.1	NCBI
FosB|RWZ58617.1	NCBI
FosM|WP_089743597.1	NCBI
FosM|WP_213093082.1	NCBI
FosM|WP_028782386.1	NCBI
FosM|WP_085507418.1	NCBI
FosB|GGC78024.1	NCBI
FosB|AEC16964.1	NCBI
FosB|WP_067837989.1	NCBI
FosB|WP_231095318.1	NCBI
FosB|KMM39245.1	NCBI
FosB|OVE51788.1	NCBI
FosB|KIL78982.1	NCBI
FosB|KZR58835.1	NCBI
FosB|KIL74512.1	NCBI
FosM|WP_144555772.1	NCBI
FosM|WP_213089080.1	NCBI
FosB|ONK24098.1	NCBI
FosM|WP_244701995.1	NCBI
FosM|WP_211086148.1	NCBI
FosB|ALC82847.1	NCBI
FosM|WP_206392105.1	NCBI
FosB|PKG30752.1	NCBI
FosM|WP_221827537.1	NCBI
FosM|WP_213138396.1	NCBI
FosM|WP_173069501.1	NCBI
FosB|WP_216663227.1	NCBI
FosM|WP_221874162.1	NCBI
FosM|WP_244747727.1	NCBI
FosB|AYA75886.1	NCBI
FosM|WP_252503516.1	NCBI
FosB|RID85747.1	NCBI
FosM|WP_252200770.1	NCBI
FosM|WP_223435692.1	NCBI
FosM|WP_252207029.1	NCBI
FosM|WP_093043272.1	NCBI
FosB|PLS05659.1	NCBI
FosM|WP_251566687.1	NCBI
FosM|WP_144567099.1	NCBI
FosB|PFO01187.1	NCBI
FosB|PGV55877.1	NCBI
FosM|WP_042454826.1	NCBI
FosM|WP_145582831.1	NCBI
FosB|PAD68655.1	NCBI
FosB|WP_144509743.1	NCBI
FosM|WP_213147765.1	NCBI
FosM|WP_213120885.1	NCBI
FosM|WP_191813477.1	NCBI
FosB|GIN98756.1	NCBI
FosB|RST57011.1	NCBI
FosM|WP_026701572.1	NCBI
FosB|WP_245350116.1	NCBI
FosB|WP_055738117.1	NCBI
FosB|WP_101355451.1	NCBI
FosM|WP_226540540.1	NCBI
FosM|WP_097150532.1	NCBI
FosM|WP_077620968.1	NCBI
FosM|WP_078554395.1	NCBI
FosB|TQR20647.1	NCBI
FosM|UPO86169.1	NCBI
FosM|WP_251645565.1	NCBI
FosM|WP_066319506.1	NCBI
FosB|KGR82030.1	NCBI
FosM|WP_101843240.1	NCBI
FosM|WP_089754412.1	NCBI
FosB|ASF38130.1	NCBI
FosM|WP_224894952.1	NCBI
FosB|RJS59005.1	NCBI
FosB|TDK56148.1	NCBI
FosB|AST91897.1	NCBI
FosM|WP_184404366.1	NCBI
FosB|CAH0174399.1	NCBI
FosB|RXI96577.1	NCBI
FosB|PAE20872.1	NCBI
FosM|WP_151026194.1	NCBI
FosM|WP_062049043.1	NCBI
FosB|GIN63866.1	NCBI
FosM|WP_235788421.1	NCBI
FosM|WP_093052015.1	NCBI
FosM|WP_251514669.1	NCBI
FosM|WP_088074324.1	NCBI
FosB|KRG13624.1	NCBI
FosB|OAK68461.1	NCBI
FosB|WP_238482795.1	NCBI
FosB|KRG12594.1	NCBI
FosM|WP_207449475.1	NCBI
FosB|GIN72678.1	NCBI
FosB|GIN58287.1	NCBI
FosM|WP_158323482.1	NCBI
FosB|KAA0944264.1	NCBI
FosM|WP_150284432.1	NCBI
FosM|WP_249774272.1	NCBI
FosB|GEL03521.1	NCBI
FosM|WP_251646357.1	NCBI
FosB|AMW99035.1	NCBI
FosB|RLL44907.1	NCBI
FosM|WP_019241069.1	NCBI
FosB|WP_211911231.1	NCBI
FosB|QRZ16334.1	NCBI
FosB|WP_066449941.1	NCBI
FosB|WP_080848543.1	NCBI
FosB|WP_214478741.1	NCBI
FosM|WP_026073469.1	NCBI
FosM|WP_244679564.1	NCBI
FosB|WP_249315389.1	NCBI
FosB|WP_233711346.1	NCBI
FosM|WP_213122890.1	NCBI
FosM|WP_166030612.1	NCBI
FosM|WP_220156084.1	NCBI
FosB|TCJ03719.1	NCBI
FosM|WP_165571548.1	NCBI
FosM|WP_057766428.1	NCBI
FosB|KQL21760.1	NCBI
FosM1|ARO_3007097	CARD+ResFinder
FosB|TFH58968.1	NCBI
FosM|WP_225006547.1	NCBI
FosM|WP_169212754.1	NCBI
FosB|WP_089060416.1	NCBI
FosB|WP_089533958.1	NCBI
FosM|WP_181445537.1	NCBI
FosB|WP_180375310.1	NCBI
FosM|WP_180992937.1	NCBI
FosB|WP_173612774.1	NCBI
FosM|WP_205650817.1	NCBI
FosB|RXK30797.1	NCBI
FosM|QUN25527.1	NCBI
FosB|WP_172868874.1	NCBI
FosB|UHY20525.1	NCBI
FosB|AVB11974.1	NCBI
FosB|KPZ68404.1	NCBI
FosB|GAW97204.1	NCBI
FosB|WP_035510507.1	NCBI
FosB|WP_206699612.1	NCBI
FosB|WP_003326305.1	NCBI
FosB|WP_065981149.1	NCBI
FosB|WP_045507040.1	NCBI
FosM|WP_125122369.1	NCBI
FosB|QZY23917.1	NCBI
FosB|QOQ56077.1	NCBI
FosB|WP_115997948.1	NCBI
FosM|WP_170616559.1	NCBI
FosB|UJL68583.1	NCBI
FosB|WP_202631676.1	NCBI
FosB|WP_158186031.1	NCBI
FosM|UQT52279.1	NCBI
FosM|WP_198161194.1	NCBI
FosM|WP_253599816.1	NCBI
FosM|WP_163113794.1	NCBI
FosM|WP_169509735.1	NCBI
FosB|URM45549.1	NCBI
FosB|PAC77569.1	NCBI
FosB|QJC91910.1	NCBI
FosM|WP_254003661.1	NCBI
FosB|WP_182072541.1	NCBI
FosB|WP_201448510.1	NCBI
FosB|QHL99681.1	NCBI
FosM|WP_215797009.1	NCBI
FosB|WP_205660334.1	NCBI
FosM|WP_170930492.1	NCBI
FosM|WP_179155979.1	NCBI
FosB|WP_205755713.1	NCBI
FosB|WP_174242824.1	NCBI
FosB|BCT27400.1	NCBI
FosB|QLQ43418.1	NCBI
FosM|WP_181858946.1	NCBI
FosB|A7Z3A4.1	NCBI
FosB|AKF77148.1	NCBI
FosB|PAB56738.1	NCBI
FosB|TSB44895.1	NCBI
FosB|WP_251610255.1	NCBI
FosB|ODP26849.1	NCBI
FosB|TKJ93333.1	NCBI
FosB|WP_062749804.1	NCBI
FosB|WP_212954071.1	NCBI
FosB|WP_095239318.1	NCBI
FosB|QNM43297.1	NCBI
FosB|WP_095316305.1	NCBI
FosB|Q5WE80.1	NCBI
FosB|WP_012863111.1	NCBI
FosB|TDB50168.1	NCBI
FosB|WP_210610357.1	NCBI
FosB|WP_062686909.1	NCBI
FosB|USY53840.1	NCBI
FosB|WP_094912115.1	NCBI
FosB|WP_061785817.1	NCBI
FosB|UIR28702.1	NCBI
FosB|WP_206782525.1	NCBI
FosB|WP_090240173.1	NCBI
FosB|WP_135111557.1	NCBI
FosB|QKY68360.1	NCBI
FosB|PAD65027.1	NCBI
FosB|WP_223152217.1	NCBI
FosB|WP_064777813.1	NCBI
FosB|QQD83150.1	NCBI
FosM|WP_049628244.1	NCBI
FosM|WP_045925315.1	NCBI
FosM|WP_016938262.1	NCBI
FosB|PIK29060.1	NCBI
FosB|KJR69750.1	NCBI
FosM|WP_174738453.1	NCBI
FosB|QOY25607.1	NCBI
FosM|WP_170919531.1	
FosB|QGH56057.1	NCBI
FosB|WP_222835838.1	NCBI
FosB|UBM14182.1	NCBI
FosB|AHK48667.1	NCBI
FosB|QYC38090.1	NCBI
FosB|WP_054950585.1	NCBI
FosB|QUR95168.1	NCBI
FosB|WP_243365349.1	NCBI
FosB|WP_056489772.1	NCBI
FosB|WP_088908904.1	NCBI
FosB|WP_048034207.1	NCBI
FosB|WP_173630420.1	NCBI
FosB|VVN86881.1	NCBI
FosB|RMP44647.1	NCBI
FosB|RMM09637.1	NCBI
FosB|KUR46637.1	NCBI
FosB|RMV79919.1	NCBI
FosB|RMM11017.1	NCBI
FosB|RMR54898.1	NCBI
FosB|RMV84562.1	NCBI
FosB|RMW05705.1	NCBI
FosB|RMV61531.1	NCBI
FosB|RMT29506.1	NCBI
FosB|RMT18058.1	NCBI
FosB|AAZ34887.1	NCBI
FosB|KPX78371.1	NCBI
FosB|RMR24690.1	NCBI
FosB|RMT54732.1	NCBI
FosB|RMV33154.1	NCBI
FosB|KVV11821.1	NCBI
FosB|KPW20077.1	NCBI
FosB|RMV18324.1	NCBI
FosB|RMV16263.1	
FosB|BBE70490.1	NCBI
FosB|ONF96615.1	NCBI
FosB|SLN10863.1	NCBI
FosB|KNX39846.1	NCBI
FosB|SUA60113.1	NCBI
FosB|QDV37702.1	NCBI
FosB|RIH84930.1	NCBI
FosB|QDU62046.1	NCBI
FosB|QEH37710.1	NCBI
FosB|KZL06748.1	NCBI
FosB|KZL23915.1	NCBI
FosB|KZL17746.1	NCBI
FosB|KZK81138.1	NCBI
FosB|KZL06836.1	NCBI
FosB|QFT31851.1	NCBI
FosB|CTQ73192.1	NCBI
FosB|CTQ54928.1	NCBI
FosB|CTQ68592.1	NCBI
FosB|QFT17418.1	NCBI
FosB|QFT68848.1	NCBI
FosB|CTQ42604.1	NCBI
FosB|APW62809.1	NCBI
FosB|KYG17982.1	NCBI
FosB|CAH5371506.1	NCBI
FosB|SUI53261.1	NCBI
FosB|SUJ08173.1	NCBI
FosB|CAB5667548.1	NCBI
FosB|CVE68394.1	NCBI
FosB|SAY44139.1	NCBI
FosB|CAH4002504.1	NCBI
FosB|CAB1225311.1	NCBI
FosB|CAH5362055.1	NCBI
FosB|CAH5375070.1	NCBI
FosB|CAH3793339.1	NCBI
FosB|CVF55975.1	
FosB|SQJ14921.1	NCBI
FosB|VEI67797.1	NCBI
FosB|VEA68751.1	NCBI
FosB|VTP65072.1	NCBI
FosB|VEI73033.1	NCBI
FosB|CVC86102.1	NCBI
FosB|VVA48086.1	NCBI
FosB|VEI20378.1	NCBI
FosB|ANS43891.1	NCBI
FosB|QJW54575.1	NCBI
FosA|SUI47114.1	NCBI
FosB|SUI35745.1	NCBI
FosB|CUW22551.1	NCBI
FosB|VEI72309.1	NCBI
FosB|SPZ54461.1	NCBI
FosB|QDT56854.1	NCBI
FosB|SPJ34115.1	NCBI
FosB|CDQ34673.1	NCBI
FosB|AMD02352.1	NCBI
FosB|QFU00368.1	NCBI
FosB|QFT86335.1	NCBI
FosB|OBX34621.1	NCBI
FosB|KAF2991545.1	NCBI
FosB|OPZ04669.1	NCBI
FosB|VCU09517.1	NCBI
FosB|AMV19949.1	NCBI
FosB|SUE38214.1	NCBI
FosB|SUE62943.1	NCBI
FosB|GJE25545.1	NCBI
FosB|GJD67550.1	NCBI
FosB|GJE57168.1	NCBI
FosB|UOA28989.1	NCBI
FosB|ASM74502.1	NCBI
FosB|GJD53425.1	NCBI
FosB|GJD61547.1	NCBI
FosB|GJD98677.1	NCBI
FosB|GJD79129.1	NCBI
FosB|GJD89114.1	NCBI
FosB|GJE44220.1	NCBI
FosB|GJE33041.1	NCBI
FosB|GJE53360.1	NCBI
FosB|GJE14133.1	NCBI
FosB|QDU16663.1	NCBI
FosB|QEG18705.1	NCBI
FosB|KZC03407.1	NCBI
FosB|QIQ72332.1	NCBI
FosB|QQM03990.1	NCBI
FosB|VFA99097.1	NCBI
FosB|WP_172141606.1	NCBI
FosB|WP_188069872.1	NCBI
FosB|TQR33444.1	NCBI
FosB|C0ZJ12.1	NCBI
FosB|WP_050763840.1	
FosB|WP_106657460.1	NCBI
FosB|WP_251252059.1	NCBI
FosB|WP_142066171.1	NCBI
FosB|UKK99848.1	NCBI
FosB|WP_173610795.1	
FosB|WP_137027640.1	NCBI
FosB|WP_007722027.1	NCBI
FosB|PSJ92323.1	NCBI
FosB|WP_174231005.1	NCBI
FosB|WP_017250694.1	NCBI
FosA|CAB5574188.1	NCBI
FosA|CAB5638961.1	NCBI
FosB|RCN19660.1	NCBI
FosB|QEG22482.1	NCBI
FosB|CAA0097198.1	NCBI
FosB|CAA0082230.1	NCBI
FosB|ODN67611.1	NCBI
FosB|ODJ87904.1	NCBI
FosB|KTD36526.1	NCBI
FosB|VVC76640.1	NCBI
FosB|VVC73954.1	NCBI
FosB|OBX34372.1	NCBI
FosB|PPR61277.1	NCBI
FosB|QGN72905.1	NCBI
FosB|SNX48196.1	NCBI
FosB|SBO11000.1	NCBI
FosA|VVH84094.1	NCBI
FosB|QFT41848.1	NCBI
FosB|WP_173623952.1	NCBI
FosB|WP_069847958.1	NCBI
FosB|WP_049684132.1	NCBI
FosB|UIO41248.1	
FosB|UED76561.1	
FosB|WP_173627091.1	
FosB|WP_047071555.1	NCBI
FosB|WP_219662516.1	NCBI
FosB|WP_168908241.1	NCBI
FosB|WP_228551887.1	NCBI
FosB|WP_028597193.1	NCBI
FosB|WP_026964930.1	NCBI
FosB|WP_161703915.1	NCBI
FosB|WP_162355290.1	NCBI
FosB|WP_161746540.1	NCBI
FosB|WP_240546573.1	NCBI
FosB|WP_048748459.1	NCBI
FosB|ASS65007.1	NCBI
FosB|WP_049867178.1	NCBI
FosB|WP_127506800.1	NCBI
FosB|WP_090639144.1	NCBI
FosB|CAH1217504.1	NCBI
FosB|WP_220348229.1	NCBI
FosB|WP_056620541.1	NCBI
FosB|WP_090820941.1	NCBI
FosB|WP_161412107.1	NCBI
FosB|WP_157326559.1	NCBI
FosB|WP_127456051.1	NCBI
FosB|WP_167058041.1	NCBI
FosB|CUX47624.1	NCBI
FosB|WP_171685874.1	NCBI
FosB|WP_036787515.1	NCBI
FosB|GGD05864.1	NCBI
FosB|WP_207528071.1	NCBI
FosB|WP_231419046.1	NCBI
FosB|WP_195159907.1	NCBI
FosB|WP_095131917.1	NCBI
FosB|KAF0995518.1	NCBI
FosB|WP_151864290.1	NCBI
FosB|WP_184309384.1	NCBI
FosB|WP_246566576.1	NCBI
FosB|WP_005582373.1	NCBI
FosB|WP_093752861.1	NCBI
FosB|WP_019413799.1	NCBI
FosB|WP_204464233.1	NCBI
FosB|GAF16972.1	NCBI
FosB|WP_154310856.1	NCBI
FosB|WP_191697079.1	NCBI
FosB|WP_144536542.1	NCBI
FosB|WP_151109929.1	NCBI
FosB|WP_018885969.1	NCBI
FosB|WP_028592117.1	NCBI
FosB|QQT01913.1	NCBI
FosB|WP_128896099.1	NCBI
FosB|WP_053402472.1	NCBI
FosB|WP_242176191.1	NCBI
FosB|WP_251609047.1	NCBI
FosB|UNL83063.1	NCBI
FosB|WP_176554397.1	NCBI
FosB|UTR08439.1	NCBI
FosB|WP_038477243.1	NCBI
FosB|GAF20760.1	NCBI
FosB|WP_144558225.1	NCBI
FosB|WP_170126211.1	NCBI
FosB|VUD58589.1	NCBI
FosB|AZQ11734.1	NCBI
FosB|WP_179123842.1	NCBI
FosB|WP_090866071.1	NCBI
FosB|WP_091495429.1	NCBI
FosB|CAF1842610.1	NCBI
FosB|WP_217448436.1	NCBI
FosB|QIW80145.1	NCBI
FosB|SPT99144.1	NCBI
FosB|WP_194395102.1	NCBI
FosB|WP_003221202.1	NCBI
FosB|WP_064814054.1	NCBI
FosB|KJJ41727.1	NCBI
FosB|UQE80847.1	NCBI
FosB|WP_249667746.1	NCBI
FosB|OLQ56992.1	NCBI
FosB|AUZ26586.1	NCBI
FosB|POO74975.1	NCBI
FosM|WP_124042776.1	NCBI
FosB|WP_252350431.1	NCBI
FosB|RJS57377.1	NCBI
FosM|WP_019714518.1	NCBI
FosB|GEK24265.1	NCBI
FosB|KXJ38971.1	NCBI
FosB|OWV38244.1	NCBI
FosB|OUL06491.1	NCBI
FosB|WP_217501554.1	NCBI
FosM|WP_222142898.1	NCBI
FosB|TYS11654.1	NCBI
FosB|WP_207194096.1	NCBI
FosB|WP_100741451.1	NCBI
FosB|WP_039074064.1	NCBI
FosB|WP_252685499.1	NCBI
FosB|WP_121642649.1	NCBI
FosB|WP_206702332.1	NCBI
FosB|WP_010330665.1	NCBI
FosB|ELS61382.1	NCBI
FosB|WP_250648259.1	NCBI
FosB|ARV44045.1	NCBI
FosB|TYS25637.1	NCBI
FosM|WP_084992309.1	NCBI
FosB|WP_232920220.1	NCBI
FosB|WP_100274632.1	NCBI
FosM|WP_019258521.1	NCBI
FosB|WP_250902441.1	NCBI
FosM|WP_168747941.1	NCBI
FosB|WP_207203656.1	NCBI
FosM|WP_024121572.1	NCBI
FosB|AZV47581.1	NCBI
FosB|WP_253295321.1	NCBI
FosB|QKS04578.1	NCBI
FosB|PLS04649.1	NCBI
FosB|QPZ43944.1	NCBI
FosB|PON02923.1	NCBI
FosB|PRP53438.1	NCBI
FosM|WP_227599447.1	NCBI
FosB|PRP64483.1	NCBI
FosM|WP_248336550.1	NCBI
FosB|PLR93963.1	NCBI
FosB|WP_237728740.1	NCBI
FosB|KUP37526.1	NCBI
FosM|WP_193660569.1	NCBI
FosB|PHI49421.1	NCBI
FosB|WP_233403455.1	NCBI
FosB|PSA98433.1	NCBI
FosB|UQZ46196.1	NCBI
FosB|QQF62435.1	NCBI
FosB|WP_194382996.1	NCBI
FosM|WP_010334403.1	NCBI
FosB|CAF1810998.1	NCBI
FosM|WP_087991434.1	NCBI
FosB|CAF1781963.1	NCBI
FosB|KAF1342326.1	NCBI
FosB|WP_206696696.1	NCBI
FosB|UML54675.1	NCBI
FosB|WP_021479203.1	NCBI
FosB|WP_133953869.1	NCBI
FosB|WP_072174016.1	NCBI
FosB|WP_169361333.1	NCBI
FosM|WP_237983459.1	NCBI
FosB|WP_214288033.1	NCBI
FosB|WP_238078950.1	NCBI
FosB|WP_250645910.1	NCBI
FosB|QHJ98076.1	NCBI
FosB|WP_214288848.1	NCBI
FosB|WP_122060472.1	NCBI
FosB|QYM60314.1	NCBI
FosB|WP_166444010.1	NCBI
FosB|WP_124073260.1	NCBI
FosB|WP_114498134.1	NCBI
FosB|WP_211024077.1	NCBI
FosB|WP_213654246.1	NCBI
FosB|WP_213508370.1	NCBI
FosB|WP_148449605.1	NCBI
FosB|WP_251497463.1	NCBI
FosB|WP_192571193.1	NCBI
FosB|WP_148932133.1	NCBI
FosB|WP_183602681.1	NCBI
FosB|WP_127602319.1	NCBI
FosB|WP_213649878.1	NCBI
FosB|WP_136604908.1	NCBI
FosB|WP_160496788.1	NCBI
FosB|WP_194233680.1	NCBI
FosB|WP_036710254.1	NCBI
FosB|WP_160037604.1	NCBI
FosB|WP_094593920.1	NCBI
FosB|WP_105443534.1	NCBI
FosB|WP_212969006.1	NCBI
FosB|WP_145949033.1	NCBI
FosB|WP_152402448.1	NCBI
FosB|WP_163872854.1	NCBI
FosB|WP_116231132.1	NCBI
FosB|WP_251674703.1	NCBI
FosB|WP_145134750.1	NCBI
FosB|WP_183578595.1	NCBI
FosB|WP_145156840.1	NCBI
FosB|WP_076167763.1	NCBI
FosB|WP_089546629.1	NCBI
FosB|WP_090908047.1	NCBI
FosB|WP_096776803.1	NCBI
FosB|WP_078496972.1	NCBI
FosB|WP_123040129.1	NCBI
FosB|WP_219637385.1	NCBI
FosB|WP_246628291.1	NCBI
FosB|CAH1215299.1	NCBI
FosB|WP_055108553.1	NCBI
FosB|WP_028404603.1	NCBI
FosB|WP_077567262.1	NCBI
FosB|WP_144870301.1	NCBI
FosB|WP_099479060.1	NCBI
FosB|WP_251537443.1	NCBI
FosB|WP_007127992.1	NCBI
FosB|WP_210094727.1	NCBI
FosB|WP_155617958.1	NCBI
FosB|WP_095265871.1	NCBI
FosB|WP_095397778.1	NCBI
FosB|GAE06947.1	NCBI
FosB|EFU39596.1	NCBI
FosB|WP_076150838.1	NCBI
FosB|KOP67512.1	NCBI
FosB|WP_054403074.1	NCBI
FosB|WP_076325119.1	NCBI
FosB|WP_098747331.1	NCBI
FosB|WP_127191370.1	NCBI
FosB|WP_068785866.1	NCBI
FosB|WP_248552492.1	NCBI
FosB|WP_155608519.1	NCBI
FosB|WP_213621670.1	NCBI
FosB|WP_193415321.1	NCBI
FosB|GJM83883.1	NCBI
FosB|WP_240271620.1	NCBI
FosB|WP_016312276.1	NCBI
FosB|WP_028538917.1	NCBI
FosB|WP_085279016.1	NCBI
FosB|WP_009223190.1	NCBI
FosB|WP_059045050.1	NCBI
FosB|WP_090720075.1	NCBI
FosB|WP_221799078.1	NCBI
FosB|WP_136775596.1	NCBI
FosB|WP_251407071.1	NCBI
FosB|AZS16006.1	NCBI
FosB|WP_068780810.1	NCBI
FosB|WP_210178574.1	NCBI
FosB|GIO41575.1	NCBI
FosB|WP_044478150.1	NCBI
FosB|WP_249899366.1	NCBI
FosB|WP_068725506.1	NCBI
FosB|WP_042201283.1	NCBI
FosB|WP_039874478.1	NCBI
FosB|WP_128633330.1	NCBI
FosB|WP_251587857.1	NCBI
FosB|UMV46262.1	NCBI
FosB|WP_106768153.1	NCBI
FosB|WP_241933024.1	NCBI
FosB|WP_046679118.1	NCBI
FosB|WP_110840349.1	NCBI
FosB|WP_208914726.1	NCBI
FosB|WP_213644065.1	NCBI
FosB|WP_127596651.1	NCBI
FosB|WP_100538271.1	NCBI
FosB|WP_113057362.1	NCBI
FosB|WP_216531748.1	NCBI
FosB|WP_220684506.1	NCBI
FosB|WP_071219932.1	NCBI
FosB|WP_194543692.1	NCBI
FosB|WP_063480104.1	NCBI
FosB|WP_036641854.1	NCBI
FosB|WP_148246857.1	NCBI
FosB|WP_009589881.1	NCBI
FosB|WP_119847327.1	NCBI
FosB|VTR38270.1	NCBI
FosB|WP_145037472.1	NCBI
FosB|WP_015736469.1	NCBI
FosB|WP_213579255.1	NCBI
FosB|WP_168119029.1	NCBI
FosB|WP_119600469.1	NCBI
FosB|WP_214629427.1	NCBI
FosB|WP_187100245.1	NCBI
FosB|WP_087568546.1	NCBI
FosB|UQZ41438.1	NCBI
FosB|CAF1784420.1	NCBI
FosB|WP_219144964.1	NCBI
FosB|UQZ63309.1	NCBI
FosB|UNL87828.1	NCBI
FosB|CAF1746622.1	NCBI
FosB|WP_202411867.1	NCBI
FosB|WP_163182328.1	NCBI
FosB|TLG74202.1	NCBI
FosB|WP_226517228.1	NCBI
FosB|WP_096188145.1	NCBI
FosB|WP_111269243.1	NCBI
FosB|WP_216519999.1	NCBI
FosB|GGH62975.1	NCBI
FosB|CVY32555.1	NCBI
FosB|SII81933.1	NCBI
FosB|SKU46329.1	NCBI
FosB|EZI39138.1	NCBI
FosB|SIK11389.1	NCBI
FosB|ANW08187.1	NCBI
FosB|QKS58300.1	NCBI
FosB|WP_145333956.1	NCBI
FosB|WP_251509817.1	NCBI
FosB|WP_221790681.1	NCBI
FosB|WP_090918657.1	NCBI
FosB|WP_154891386.1	NCBI
FosB|WP_154960479.1	NCBI
FosB|WP_123065604.1	NCBI
FosB|WP_221823698.1	NCBI
FosB|WP_237177687.1	NCBI
FosB|WP_017690908.1	NCBI
FosB|WP_076332688.1	NCBI
FosB|WP_062837275.1	NCBI
FosB|WP_145151949.1	NCBI
FosB|WP_169480802.1	NCBI
FosB|WP_211084231.1	NCBI
FosB|WP_100526939.1	NCBI
FosB|WP_192135497.1	NCBI
FosB|QZN77590.1	NCBI
FosB|WP_076329683.1	NCBI
FosB|WP_076254484.1	NCBI
FosB|WP_036607427.1	NCBI
FosB|APO43650.1	NCBI
FosB|WP_215074744.1	NCBI
FosB|UOK64167.1	NCBI
FosB|WP_111620176.1	NCBI
FosB|WP_109999202.1	NCBI
FosB|WP_113055113.1	NCBI
FosB|WP_145325609.1	NCBI
FosB|WP_253429584.1	NCBI
FosB|WP_105406006.1	NCBI
FosB|WP_124117873.1	NCBI
FosB|WP_062322644.1	NCBI
FosB|WP_090999409.1	NCBI
FosB|WP_090904181.1	NCBI
FosB|WP_247900510.1	NCBI
FosB|WP_024632193.1	NCBI
FosB|OPG96987.1	NCBI
FosB|WP_063568256.1	NCBI
FosB|WP_079695797.1	NCBI
FosB|WP_076290599.1	NCBI
FosB|WP_099858607.1	NCBI
FosB|WP_064642575.1	NCBI
FosB|WP_072734912.1	NCBI
FosB|WP_128104276.1	NCBI
FosB|WP_239293124.1	NCBI
FosB|WP_056704044.1	NCBI
FosB|WP_145050387.1	NCBI
FosB|WP_192262807.1	NCBI
FosB|WP_053779764.1	NCBI
FosB|WP_175395776.1	NCBI
FosB|WP_239305375.1	NCBI
FosB|WP_095361530.1	NCBI
FosB|WP_127539194.1	NCBI
FosB|WP_221804704.1	NCBI
FosB|WP_227780125.1	NCBI
FosB|WP_153976720.1	NCBI
FosB|WP_154896587.1	NCBI
FosB|WP_095291785.1	NCBI
FosB|CAH1212843.1	NCBI
FosB|WP_050615800.1	NCBI
FosB|WP_036647655.1	NCBI
FosB|GAJ98541.1	NCBI
FosB|GAK08815.1	NCBI
FosB|WP_042399838.1	NCBI
FosB|WP_042428302.1	NCBI
FosB|WP_093227933.1	NCBI
FosB|QDU61806.1	NCBI
FosB|QEG21810.1	NCBI
FosB|QDU27866.1	NCBI
FosB|KAA1262069.1	NCBI
FosB|QDT05601.1	NCBI
FosB|TWU05050.1	NCBI
FosB|TWU47845.1	NCBI
FosB|QDT10095.1	NCBI
FosB|TWT54488.1	NCBI
FosB|QDT60756.1	NCBI
FosB|QDV43479.1	NCBI
FosB|QDV82681.1	NCBI
FosB|TWU24036.1	NCBI
FosB|QEF99813.1	NCBI
FosB|QDS89902.1	NCBI
FosB|QDV70157.1	NCBI
FosB|QEG41085.1	NCBI
FosB|QDS93759.1	NCBI
FosA|QDU76002.1	NCBI
FosB|TWT77010.1	NCBI
FosB|TWT37671.1	NCBI
FosB|WP_041048913.1	NCBI
FosB|WP_110520145.1	NCBI
FosB|WP_138811380.1	NCBI
FosB|WP_112882360.1	NCBI
FosB|WP_210661300.1	NCBI
FosB|WP_091218090.1	NCBI
FosB|WP_090976281.1	NCBI
FosB|AZN40991.1	NCBI
FosB|EET46766.1	NCBI
FosB|WP_116187266.1	NCBI
FosB|WP_090582453.1	NCBI
FosB|WP_028544308.1	NCBI
FosB|WP_219836869.1	NCBI
FosB|OWA33543.1	NCBI
FosB|WP_152391851.1	NCBI
FosB|WP_028593255.1	NCBI
FosB|WP_144986775.1	NCBI
FosB|WP_245252063.1	NCBI
FosB|WP_223067803.1	NCBI
FosB|WP_089650928.1	NCBI
FosB|WP_115821999.1	NCBI
FosB|WP_115894048.1	NCBI
FosB|WP_202412429.1	NCBI
FosB|WP_160914882.1	NCBI
FosB|WP_220583624.1	NCBI
FosB|WP_226588465.1	NCBI
FosB|WP_206946101.1	NCBI
FosB|WP_173109248.1	NCBI
FosB|WP_071579095.1	NCBI
FosB|WP_121591884.1	NCBI
FosB|PTU26216.1	NCBI
FosB|WP_168780958.1	NCBI
FosB|WP_071581687.1	NCBI
FosB|TXF72600.1	NCBI
FosB|GFM13602.1	NCBI
FosB|OEI74364.1	NCBI
FosM|WP_148343090.1	NCBI
FosM|WP_243571803.1	NCBI
FosB|PAO66938.1	NCBI
FosM|WP_069839392.1	NCBI
FosB|AUZ38855.1	NCBI
FosM|WP_251188435.1	NCBI
FosB|AEP90955.1	NCBI
FosB|WP_214285469.1	NCBI
FosB|WP_025026940.1	NCBI
FosB|UTI61975.1	NCBI
FosB|QHM08415.1	NCBI
FosB|WP_202926478.1	NCBI
FosB|WP_254150270.1	NCBI
FosB|WP_214287098.1	NCBI
FosB|WP_156581563.1	NCBI
FosB|QWF76307.1	NCBI
FosB|WP_144482691.1	NCBI
FosB|WP_230488769.1	NCBI
FosB|WP_038429037.1	NCBI
FosB|QRQ54257.1	NCBI
FosB|QGI21812.1	NCBI
FosB|WP_206695923.1	NCBI
FosB|QOJ83638.1	NCBI
FosB|URM20389.1	NCBI
FosB|QFY82110.1	NCBI
FosB|WP_141950007.1	NCBI
FosB|WP_206697888.1	NCBI
FosB|WP_160221614.1	NCBI
FosB|AOR98303.1	NCBI
FosB|WP_214288478.1	NCBI
FosB|WP_198421590.1	NCBI
FosB|WP_148950198.1	NCBI
FosB|WP_094768845.1	NCBI
FosB|WP_224900513.1	NCBI
FosB|EAR65051.1	NCBI
FosB|WP_148973710.1	NCBI
FosB|QHT46292.1	NCBI
FosB|WP_008637495.1	NCBI
FosB|WP_194395353.1	NCBI
FosB|QHM16435.1	NCBI
FosB|UQZ72813.1	NCBI
FosB|GDX41400.1	NCBI
FosB|WP_133380782.1	NCBI
FosB|WP_213429092.1	NCBI
FosB|WP_197254275.1	NCBI
FosB|WP_111154394.1	NCBI
FosB|WP_006679624.1	NCBI
FosB|WP_233697674.1	NCBI
FosB|WP_019424186.1	NCBI
FosB|WP_240463841.1	NCBI
FosB|WP_087433570.1	NCBI
FosB|WP_213469697.1	NCBI
FosB|WP_254553524.1	NCBI
FosB|WP_143799664.1	NCBI
FosB|WP_087441277.1	NCBI
FosB|WP_108465051.1	NCBI
FosB|WP_202964132.1	NCBI
FosB|WP_091159476.1	NCBI
FosB|WP_076314806.1	NCBI
FosB|WP_211747220.1	NCBI
FosB|WP_191800071.1	NCBI
FosB|WP_160035084.1	NCBI
FosB|WP_213532979.1	NCBI
FosB|WP_026799604.1	NCBI
FosB|VED68180.1	NCBI
FosB|WP_233810888.1	NCBI
FosB|WP_066268139.1	NCBI
FosB|UBZ18779.1	NCBI
FosB|GGO08366.1	NCBI
FosB|WP_088491001.1	NCBI
FosB|GGA19447.1	NCBI
FosB|PLV39771.1	NCBI
FosB|WP_078381050.1	NCBI
FosB|WP_022627660.1	NCBI
FosB|WP_108586698.1	NCBI
FosB|QHQ58278.1	NCBI
FosB|UTH87839.1	NCBI
FosB|WP_127608403.1	NCBI
FosB|WP_201319260.1	NCBI
FosB|WP_054797584.1	NCBI
FosB|WP_168976760.1	NCBI
FosB|WP_043064968.1	NCBI
FosB|WP_043069182.1	NCBI
FosB|WP_141335031.1	NCBI
FosB|WP_053104211.1	NCBI
FosB|QNV54069.1	NCBI
FosM|WP_122503826.1	NCBI
FosB|QPV78677.1	NCBI
FosB|QDF55434.1	NCBI
FosM|WP_061046908.1	NCBI
FosB|WP_240664048.1	NCBI
FosB|WP_096542238.1	NCBI
FosB|WP_096664100.1	NCBI
FosB|WP_096604868.1	NCBI
FosB|PCF87629.1	NCBI
FosB|WP_101458040.1	NCBI
FosB|ASQ51187.1	NCBI
FosB|WP_214539530.1	NCBI
FosB|WP_104030055.1	NCBI
FosB|WP_143566101.1	NCBI
FosB|QWQ54820.1	NCBI
FosB|UAS86638.1	NCBI
FosB|WP_242444614.1	NCBI
FosB|VED69977.1	NCBI
FosB|PTI62282.1	NCBI
FosB|WP_065338388.1	NCBI
FosB|PTJ14290.1	NCBI
FosB|OEL03785.1	NCBI
FosB|WP_107640997.1	NCBI
FosB|UPG58770.1	NCBI
FosB|UPG58771.1	NCBI
FosB|UPG58767.1	NCBI
FosB|OEK99214.1	NCBI
FosB|UPG58768.1	NCBI
FosB|UPG58772.1	NCBI
FosB|OLN91274.1	NCBI
FosB|SIJ02037.1	NCBI
FosB|WP_221162061.1	NCBI
FosB|WP_103212862.1	NCBI
FosB|BBD93753.1	NCBI
FosB|WP_002469859.1	NCBI
FosB|UPG58763.1	NCBI
FosB|OAO28792.1	NCBI
FosB|WP_233420444.1	NCBI
FosB|ATN03811.1	NCBI
FosB|UPG58764.1	NCBI
FosB|PTI40177.1	NCBI
FosB|UPG58769.1	NCBI
FosB|WP_107551067.1	NCBI
FosB|OEK33109.1	NCBI
FosB|EJX16831.1	NCBI
FosB|OEK52712.1	NCBI
FosB|SUM74535.1	NCBI
FosB|SUM83677.1	NCBI
FosB|OEK68465.1	NCBI
FosB|OEK65288.1	NCBI
FosB|SCT22729.1	NCBI
FosB|PHK48654.1	NCBI
FosB|PTK60537.1	NCBI
FosB|SUM80774.1	NCBI
FosB|PTK88367.1	NCBI
FosB|PTI49330.1	NCBI
FosB|PTI58088.1	NCBI
FosB|PTJ63648.1	NCBI
FosB|OEK47265.1	NCBI
FosB|WP_058702889.1	NCBI
FosB|OEK12580.1	NCBI
FosB|OLN88871.1	NCBI
FosB|OFK76899.1	NCBI
FosB|WP_101094538.1	NCBI
FosB|WP_119585781.1	NCBI
FosB|WP_107550271.1	NCBI
FosB|OFK27134.1	NCBI
FosB|PTI73511.1	NCBI
FosB|SNV75324.1	NCBI
FosB|UPG58773.1	NCBI
FosB|OOV76699.1	NCBI
FosB|OEK40273.1	NCBI
FosB|GGB91589.1	NCBI
FosB|OEK19295.1	NCBI
FosB|Q49VY9.1	NCBI
FosB|PTI38898.1	NCBI
FosB|CRV27548.1	NCBI
FosB|WP_178795375.1	NCBI
FosB|UPG58775.1	NCBI
FosB|UPG58774.1	NCBI
FosB|CCI59778.1	NCBI
FosB|PZI25622.1	NCBI
FosB|AQD20572.1	NCBI
FosB|OFS42932.1	NCBI
FosB|EKU48052.1	NCBI
FosB|X54227.1	CARD+ResFinder
FosB6|ARO_3004673	Kleborate 
FosB5|ARO_3004672	Kleborate 
FosB|EFF27284.1	NCBI
FosB3|ARO_3002873	Kleborate 
FosB1|ARO_3004670	Kleborate 
FosB4|ARO_3004671	Kleborate 
FosB|WP_107507818.1	NCBI
FosB|WP_107524811.1	NCBI
FosB|SUM04502.1	NCBI
FosB|WP_103165934.1	NCBI
FosB|WP_119477703.1	NCBI
FosB|UPG58766.1	NCBI
FosB|PTI59814.1	NCBI
FosB|GJG10490.1	NCBI
FosB|UPG58760.1	NCBI
FosB|UPG58765.1	NCBI
FosB|EJX16832.1	NCBI
FosB|PTI37570.1	NCBI
FosB|GEQ11563.1	NCBI
FosB|PTH91294.1	NCBI
FosB|OJT35454.1	NCBI
FosB|WP_145052393.1	NCBI
FosB|WP_107368312.1	NCBI
FosB|UOC13449.1	NCBI
FosB|WP_107400248.1	NCBI
FosB|WP_103345866.1	NCBI
FosB|GEP99568.1	NCBI
FosB|WP_105985719.1	NCBI
FosB|PTH62330.1	NCBI
FosB|PTH55526.1	NCBI
FosB|PTG43184.1	NCBI
FosB|PTG49606.1	NCBI
FosB|UTC05882.1	NCBI
FosB|VEU81176.1	NCBI
FosB|PTI62119.1	NCBI
FosB|WP_103262240.1	NCBI
FosB|ARD73895.1	NCBI
FosB|PTH40408.1	NCBI
FosB|OEK41163.1	NCBI
FosB|WP_160651670.1	NCBI
FosB|SUM45070.1	NCBI
FosB|RBA05578.1	NCBI
FosY|WP_111745062.1	NCBI
FosY|ARO_3007069	CARD+ResFinder
FosB|EYG00797.1	NCBI
FosB|PAI64664.1	NCBI
FosB|SUM44845.1	NCBI
FosB|CDR25472.1	NCBI
FosB|CDR66934.1	NCBI
FosB|KTT82333.1	NCBI
FosB|WP_210136594.1	NCBI
FosB|SQE51094.1	NCBI
FosB|SUM43847.1	NCBI
FosD|ARO_3004674	Kleborate 
FosB|CAD2078672.1	NCBI
FosB|CAD2078662.1	NCBI
FosB|GEQ04103.1	NCBI
FosB|CDR27614.1	NCBI
FosB|KFA42644.1	NCBI
FosB|RZH89050.1	NCBI
FosB|AID41023.1	NCBI
FosB|WP_223289282.1	NCBI
FosB|EUY61455.1	NCBI
FosB|GBT98840.1	NCBI
FosB|OAP83518.1	NCBI
FosB|CXH69720.1	NCBI
FosB|GBY07581.1	NCBI
FosB|RCV73550.1	NCBI
FosB|KQB73250.1	NCBI
FosB|RCV81310.1	NCBI
FosB|PAH39854.1	NCBI
FosB|EVI97651.1	NCBI
FosB|OHW15687.1	NCBI
FosB|GBT62861.1	NCBI
FosB|PAI57281.1	NCBI
FosB|KDP56743.1	NCBI
FosB|AXP74791.1	NCBI
FosB|KMR81206.1	NCBI
FosB|CAC5594305.1	NCBI
FosB|GBT81536.1	NCBI
FosB|WP_162635315.1	NCBI
FosB|GBW45800.1	NCBI
FosB|QBY49297.1	NCBI
FosB|ADI98813.1	NCBI
FosB|EHT33962.1	NCBI
FosB|SCU02685.1	NCBI
FosB|OMH96782.1	NCBI
FosB|CDR22344.1	NCBI
FosB|BBN31368.1	NCBI
FosB|RAN48032.1	NCBI
FosB|CXM66722.1	NCBI
FosB|CEH27151.1	NCBI
FosB|EFG56904.1	NCBI
FosB|EOR39815.1	
FosB|SCU55490.1	NCBI
FosB|EYN32750.1	NCBI
FosB|EVH03062.1	NCBI
FosB|KIT91059.1	NCBI
FosB|WP_086097883.1	NCBI
FosB|EVD09060.1	NCBI
FosB|EGG66712.1	NCBI
FosB|EXN28037.1	NCBI
FosB|EXM43752.1	
FosB|EWQ86720.1	
FosB|EUT83038.1	
FosB|EHS79435.1	
FosX|CUH73826.1	NCBI
FosI|BBV14463.1	NCBI
FosX|UMZ80470.1	NCBI
FosX|ATB51902.1	
FosX|SBV37680.1	NCBI
FosX|STQ90828.1	NCBI
FosM|AZZ88693.1	NCBI
Orf2|DQ342344.1	
FosX|CAB5709935.1	NCBI
FosX|CAB5658007.1	NCBI
FosX|VXB60751.1	NCBI
FosX|VEI34256.1	NCBI
FosX|GEN49949.1	NCBI
FosX|VVM34511.1	NCBI
FosX|APQ97337.1	NCBI
FosX|APQ71436.1	NCBI
FosX|APH17912.1	NCBI
FosX|APC80082.1	NCBI
FosX|CAD5902710.1	NCBI
FosX|APQ77569.1	NCBI
FosX|APC82646.1	NCBI
FosX|APQ68951.1	NCBI
FosX|ACA45109.1	NCBI
FosX|AJE12693.1	NCBI
FosX|AJD28390.1	NCBI
FosX|APR00901.1	NCBI
FosX|OQC17318.1	NCBI
FosX|APH19012.1	NCBI
FosX|APQ97398.1	NCBI
FosX|BBB90927.1	NCBI
FosX|ACA57237.1	NCBI
FosX|EDU36531.1	NCBI
FosX|GIP31011.1	NCBI
FosX|OOM31386.1	NCBI
FosX|OOM42366.1	NCBI
FosX|CUU48192.1	NCBI
FosX|CAG5085402.1	NCBI
FosX|OJG67130.1	NCBI
FosX|OJG54069.1	NCBI
FosX|OJG91800.1	NCBI
FosX|OTN86227.1	NCBI
FosX|OTO09368.1	NCBI
FosX|SQC56170.1	NCBI
FosX|STY46152.1	NCBI
FosX|GGC92930.1	NCBI
FosXCC|ARO_3003208	CARD+ResFinder
FosX|BCA85146.1	NCBI
FosX|OQB23426.1	NCBI
FosX|GBG56954.1	NCBI
FosX|GBG57190.1	NCBI
FosX|OZC22719.1	NCBI
FosX|BAY10095.1	NCBI
FosX|GAX45570.1	NCBI
FosX|BAZ37157.1	NCBI
FosB|EKE96992.1	NCBI
FosX|BDA73344.1	NCBI
FosX|GJD19706.1	NCBI
FosX|VEH46892.1	NCBI
FosX|SNV95300.1	NCBI
FosX|KNF09074.1	NCBI
FosX|SJX71994.1	NCBI
FosX|CDZ81823.1	NCBI
FosX|WP_185541292.1	NCBI
FosX|WP_185625912.1	NCBI
FosX|WP_185590732.1	NCBI
FosX|WP_185485082.1	NCBI
FosX|WP_185345238.1	NCBI
FosX|WP_185330995.1	NCBI
FosX|WP_185324660.1	NCBI
FosX|WP_185620009.1	NCBI
FosX|WP_185608192.1	NCBI
FosX|WP_185320037.1	NCBI
FosX|WP_185638871.1	NCBI
FosX|UPH63740.1	NCBI
FosX|WP_185482714.1	NCBI
FosX|WP_185491112.1	NCBI
FosX|WP_194345451.1	NCBI
FosX|WP_185483606.1	NCBI
FosX|WP_185316992.1	NCBI
FosX|WP_011702500.1	
FosX|WP_194360757.1	NCBI
FosX|WP_185305726.1	NCBI
FosX|WP_194361878.1	NCBI
FosX|WP_194343549.1	
FosX|WP_194346587.1	NCBI
FosX|WP_194344425.1	NCBI
FosX|WP_185357212.1	NCBI
FosX|WP_194357571.1	NCBI
FosX|WP_185307642.1	NCBI
FosX|WP_185365283.1	NCBI
FosX|WP_185361044.1	
FosX|WP_185309687.1	NCBI
FosX|Q92AV8.1	NCBI
FosX|WP_230910277.1	NCBI
FosX|WP_185322994.1	NCBI
FosX|WP_185334580.1	NCBI
FosX|WP_160466710.1	NCBI
FosX|SUB02795.1	NCBI
FosX|EGC68388.1	NCBI
FosX|BDG69267.1	NCBI
FosX|VTS30722.1	NCBI
FosX|EPH60393.1	NCBI
FosX|EOU09192.1	NCBI
FosX|EEV39572.1	NCBI
FosX|EEV30666.1	NCBI
FosX|STQ31538.1	NCBI
FosX|GEB27806.1	NCBI
FosX|EOL08325.1	NCBI
FosX|ELB63370.1	NCBI
FosX|RBS99368.1	NCBI
FosX|ELA81730.1	NCBI
FosX|OTO87321.1	NCBI
FosX|RBS72825.1	NCBI
FosX|OWZ85227.1	NCBI
FosX|RBT19635.1	NCBI
FosX|ELA73120.1	NCBI
FosX|RBT34690.1	NCBI
FosX|OTN79062.1	NCBI
FosX|OTO00087.1	NCBI
FosX|EJY52602.1	NCBI
FosX|WP_070294925.1	NCBI
FosX|UPG77514.1	NCBI
FosX|WP_185354805.1	NCBI
FosX|WP_070307215.1	NCBI
FosX|QWU93239.1	NCBI
FosX|WP_070216901.1	NCBI
FosX|UIJ49397.1	NCBI
FosX|WP_185341918.1	NCBI
FosX|STD69924.1	NCBI
FosX|SLN22944.1	NCBI
FosX|SLN58546.1	NCBI
FosX|CTQ71515.1	NCBI
FosX|CTQ69624.1	NCBI
FosX|CTQ46264.1	NCBI
FosX|QFT66600.1	NCBI
FosX|Q98GG1.1	NCBI
FosX|QEW24770.1	NCBI
FosX|QFT82286.1	NCBI
FosX|QFT98681.1	NCBI
FosX|QFT91798.1	NCBI
FosX|AP010904.1	
FosX|QFT15137.1	NCBI
FosX|SMC11590.1	NCBI
FosX|OIQ50120.1	NCBI
FosB|EEE36453.1	NCBI
FosX|CUH59769.1	NCBI
FosB|SCM65913.1	NCBI
FosB|SUW68187.1	NCBI
FosX|AIJ97951.1	NCBI
FosB|SPU60977.1	NCBI
FosB|SUW31125.1	NCBI
FosB|AHB00932.1	NCBI
FosX|SPP28216.1	NCBI
FosX|SCJ41211.1	NCBI
FosX|KTE92772.1	NCBI
FosX|WP_185361356.1	NCBI
FosX|WP_181343870.1	NCBI
FosX|WP_109909492.1	NCBI
FosX|WP_181329756.1	NCBI
FosX|UIJ53899.1	NCBI
FosX|SJX71999.1	NCBI
FosX|WP_149043861.1	NCBI
FosX|WP_070031348.1	NCBI
FosX|WP_149044865.1	NCBI
FosX|UIJ52422.1	NCBI
FosX|WP_120185030.1	
FosX|WP_033919166.1	NCBI
FosX|WP_096824884.1	NCBI
FosX|WP_120242448.1	NCBI
FosX|QWU23262.1	NCBI
FosX|UKY62954.1	NCBI
FosX|WP_077286788.1	NCBI
FosX|UKY71341.1	NCBI
FosX|WP_070266055.1	NCBI
FosX|WP_149128197.1	NCBI
FosX|WP_070036993.1	NCBI
FosX|WP_061106234.1	NCBI
FosX|WP_012581185.1	NCBI
FosX|WP_060587807.1	NCBI
FosX|WP_012951695.1	NCBI
FosX|WP_181344450.1	NCBI
FosX|WP_069027379.1	NCBI
FosX|CCO64304.1	NCBI
FosX|WP_215810875.1	NCBI
FosX|WP_070233756.1	NCBI
FosX|WP_070276313.1	NCBI
FosX|WP_185639397.1	NCBI
FosX|WP_185481428.1	NCBI
FosX|WP_185570268.1	NCBI
FosX|WP_185605292.1	NCBI
FosX|WP_194317769.1	NCBI
FosX|WP_185504712.1	NCBI
FosX|WP_230909445.1	NCBI
FosX|WP_194331056.1	NCBI
FosX|WP_194319601.1	NCBI
FosX|WP_230907496.1	NCBI
FosX|WP_230915905.1	NCBI
FosX|WP_185503386.1	NCBI
FosX|WP_194325314.1	NCBI
FosX|WP_185577082.1	NCBI
FosX|WP_230912242.1	NCBI
FosX|WP_187986048.1	NCBI
FosX|WP_185518601.1	
FosX|WP_185399705.1	NCBI
FosX|WP_185588493.1	NCBI
FosX|WP_185404086.1	NCBI
FosX|WP_185392621.1	NCBI
FosX|WP_185421469.1	NCBI
FosX|WP_070267664.1	NCBI
FosX|WP_070265701.1	NCBI
FosX|WP_070239142.1	NCBI
FosX|WP_070262051.1	NCBI
FosX|WP_070222775.1	NCBI
FosX|WP_149060987.1	NCBI
FosX|WP_149044603.1	NCBI
FosX|WP_070240910.1	NCBI
FosX|WP_149042487.1	NCBI
FosX|WP_185606343.1	NCBI
FosX|WP_069889270.1	NCBI
FosX|WP_014602056.1	NCBI
FosX|WP_149045434.1	NCBI
FosX|WP_070785281.1	NCBI
FosX|WP_149050595.1	NCBI
FosX|WP_096975578.1	NCBI
FosX|WP_242332294.1	NCBI
FosX|AL591981.1	CARD+ResFinder
FosX|WP_230924319.1	NCBI
FosX|WP_149048664.1	NCBI
FosX|WP_061684947.1	NCBI
FosX|WP_049885295.1	NCBI
FosX|WP_120170950.1	NCBI
FosX|UNP20469.1	NCBI
FosX|WP_070309406.1	NCBI
FosX|WP_149120554.1	NCBI
FosX|WP_070249834.1	NCBI
FosX|WP_070211217.1	NCBI
FosX|WP_149118681.1	NCBI
FosX|WP_099184008.1	NCBI
FosX|WP_187988559.1	NCBI
FosX|WP_149186759.1	NCBI
FosX|WP_070226631.1	NCBI
FosX|QWU31049.1	NCBI
FosX|WP_149052300.1	NCBI
FosX|WP_149063405.1	NCBI
FosX|QSD77688.1	NCBI
FosX|WP_149040250.1	NCBI
FosX|WP_069892004.1	NCBI
FosX|WP_149051342.1	NCBI
FosX|WP_120221480.1	NCBI
FosX|WP_149116710.1	NCBI
FosX|WP_149585567.1	NCBI
FosX|WP_149174809.1	
FosX|EFR84322.1	NCBI
FosX|WP_003730577.1	NCBI
FosX|WP_181333280.1	NCBI
FosX|WP_149040940.1	NCBI
FosB|GBS45609.1	NCBI
FosB|VTY13047.1	NCBI
FosB|UGS37266.1	NCBI
FosX|UQZ84570.1	NCBI
FosX|VIJ04702.1	NCBI
FosA|CAH0177624.1	NCBI
GlyoxalaseI|YP_005227271.1	
FosB|ABZ99316.1	NCBI
FosB|BCQ08655.1	NCBI
FosB|VTP06906.1	NCBI
FosB|OJG08249.1	NCBI
FosB|OSY37832.1	NCBI
FosB|GBF16900.1	NCBI
FosB|AZG48611.1	NCBI
FosB|ASR03260.1	NCBI
FosA|GGL67297.1	NCBI
FosA|GGA40236.1	NCBI
FosA|GHA23823.1	NCBI
FosA|QPD03041.1	NCBI
FosB|QEI40874.1	NCBI
FosB|ULP73918.1	NCBI
FosB|GCA79158.1	NCBI
FosB|BAU40487.1	NCBI
FosB|GCA88455.1	NCBI
FosB|GBL10711.1	NCBI
FosB|GEA25527.1	NCBI
FosB|GCE59943.1	NCBI
FosB|CAB5688215.1	NCBI
FosB|SUI44322.1	NCBI
FosB|SUI43031.1	
FosB|VUK25506.1	NCBI
FosA|CAB5520644.1	NCBI
FosB|OJH75358.1	NCBI
FosB|OJI57407.1	NCBI
FosB|RCM95634.1	NCBI
FosA|CAH0496143.1	NCBI
FosB|CAH0140625.1	NCBI
FosB|CAD0211143.1	NCBI
FosB|VEF88039.1	NCBI
FosB|GAN27474.1	NCBI
FosB|AMV14979.1	NCBI
FosB|CUB59653.1	NCBI
FosB|CUB39388.1	NCBI
FosB|VIJ03937.1	NCBI
FosB|ALZ62103.1	NCBI
FosB|KKB30031.1	NCBI
FosB|VEJ03922.1	NCBI
FosB|OQB60976.1	NCBI
FosB|SUU85780.1	NCBI
FosB|UOA30522.1	NCBI
FosB|CAH0179979.1	NCBI
FosB|CAH0238295.1	NCBI
FosB|VEH02034.1	NCBI
FosB|SNW08821.1	NCBI
FosB|GAJ46883.1	NCBI
FosB|QDU79420.1	NCBI
FosB|QKS25470.1	NCBI
FosB|VCT89194.1	NCBI
FosB|KMO68270.1	NCBI
FosB|KMO78672.1	NCBI
FosB|KMO84754.1	NCBI
FosB|CAZ98598.1	NCBI
FosB|QEF97196.1	NCBI
FosB|VTQ53077.1	NCBI
FosB|CAA2141028.1	NCBI
FosB|ASC93305.1	NCBI
FosB|ODJ87899.1	NCBI
FosB|TWU00610.1	NCBI
FosB|QDV76430.1	NCBI
FosB|TWT61360.1	NCBI
FosB|QDU96753.1	NCBI
FosB|TWT77421.1	NCBI
FosB|QFU01814.1	NCBI
FosB|TWK84216.1	NCBI
FosB|CAF1803195.1	NCBI
FosA|SCX33995.1	NCBI
FosA|QGZ96332.1	NCBI
FosB|VTP62611.1	NCBI
FosB|CAA2142545.1	NCBI
FosB|QXI65649.1	NCBI
FosB|AXF84464.1	NCBI
FosB|TWU07459.1	NCBI
FosB|OPZ89615.1	NCBI
FosB|QDU82763.1	NCBI
FosB|EKB50712.1	NCBI
FosB|EMR02918.1	NCBI
FosB|VXB22753.1	NCBI
FosB|OAZ03441.1	NCBI
FosB|ANH61355.1	NCBI
FosB|VVU99003.1	NCBI
FosB|AXG68862.1	NCBI
FosB|KTD68680.1	NCBI
FosK|PBK03095.1	NCBI
FosA|CAG9298119.1	NCBI
FosK|PCC99997.1	NCBI
FosK|ARO_3003207	Kleborate 
FosK|WP_193075413.1	NCBI
FosK|PAU89118.1	NCBI
FosK|AQZ96173.1	NCBI
FosF|AY294333.1	CARD+ResFinder
FosF|WP_223137406.1	NCBI
FosA|GGX78532.1	NCBI
FosA|GGY41471.1	NCBI
FosB|VCU71016.1	NCBI
FosA|BDH19079.1	NCBI
FosA|GIZ28173.1	NCBI
FosB|CBJ81300.1	NCBI
FosB|PHM62731.1	NCBI
FosB|PHM40826.1	NCBI
FosB|CDH21150.1	NCBI
FosB|CBJ88677.1	NCBI
FosA|BDH46029.1	NCBI
GlyoxalaseI|YP_005227374.1	
FosB|QFT26288.1	NCBI
FosA|GGO66029.1	NCBI
FosA|NG_050560.1	CARD+ResFinder
FosA|QMV16342.1	NCBI
FosA|GHX02317.1	NCBI
FosB|EDL70780.1	NCBI
FosC2|EIK43401.1	NCBI
FosG|WP_194362750.1	NCBI
FosG|DQ112222.1	CARD+ResFinder
FosG|WP_164597213.1	NCBI
FosC2|ARO_3002874	Kleborate 
FosC2|WP_126806824.1	NCBI
FosC2|WP_126805862.1	NCBI
FosC2|PKM20223.1	NCBI
FosC2|OBP14863.1	NCBI
FosA|CDG40867.1	NCBI
FosA|GGC34946.1	NCBI
FosA|CRX63221.1	NCBI
FosB|QBI55170.1	NCBI
FosB|GCA89940.1	NCBI
FosB|GCA78125.1	
FosB|GEA26535.1	
FosB|GCE58133.1	
FosB|GBL10373.1	
FosB|EPF21772.1	
FosB|GCA76796.1	NCBI
FosA|VDH07402.1	NCBI
FosA|CAE1147007.1	NCBI
FosA|GJJ30457.1	NCBI
FosL1|ARO_3005024	Kleborate 
FosA|GJA24104.1	NCBI
FosA|BBT68033.1	NCBI
FosA|GJA77259.1	NCBI
FosA|GKQ80334.1	NCBI
FosA|GJA09997.1	NCBI
FosA|GJA50309.1	NCBI
FosA|BDN93917.1	NCBI
FosA|BDO07072.1	NCBI
FosA|GKQ65200.1	NCBI
FosB|KFC72262.1	NCBI
FosB|CAG7650108.1	NCBI
FosA5|WP_171996162.1	NCBI
FosA5|WP_100105167.1	NCBI
FosA5|UHL84432.1	NCBI
FosA5|URU50489.1	NCBI
FosB|SNX47621.1	NCBI
FosB|OJI52440.1	NCBI
FosB|OJI41105.1	NCBI
FosB|ANB98740.1	NCBI
FosB|ARP45410.1	NCBI
FosB|SUB90675.1	NCBI
FosB|SPY30460.1	NCBI
FosB|SPY44077.1	NCBI
FosB|AQM69669.1	NCBI
FosB|SBO09721.1	NCBI
FosB|QFT12779.1	NCBI
FosB|SBT13445.1	NCBI
FosB|SBT13441.1	NCBI
FosB|SBS34402.1	NCBI
FosB|VVV03509.1	NCBI
FosB|SBS61049.1	NCBI
FosB|SMY18171.1	NCBI
FosB|SMY38198.1	NCBI
FosB|SMY38578.1	NCBI
FosB|SKA50291.1	NCBI
FosB|SKC34030.1	NCBI
FosB|SBS65629.1	NCBI
FosB|ARP38766.1	NCBI
FosB|PHX06226.1	NCBI
FosA|GGX86915.1	NCBI
FosA|QND87649.1	NCBI
FosA|SUX29559.1	NCBI
FosA|STB70343.1	NCBI
FosA|WP_062740261.1	NCBI
FosA|WP_013367772.1	NCBI
FosA5|UNH51629.1	NCBI
FosA5|WP_135697485.1	NCBI
FosA5|WP_047694176.1	NCBI
FosA5|UPJ10411.1	NCBI
FosB|KJE76094.1	NCBI
FosA5|WP_148390089.1	NCBI
FosA5|WP_240086200.1	NCBI
FosA5|WP_199620989.1	NCBI
FosA5|WP_064870288.1	NCBI
FosA5|WP_182224729.1	NCBI
FosA5|WP_142485330.1	NCBI
FosA5|WP_135630333.1	NCBI
FosA5|WP_196528891.1	NCBI
FosA5|WP_086076451.1	NCBI
FosA5|UPY98857.1	NCBI
FosA5|WP_048985649.1	NCBI
FosA5|WP_234245637.1	NCBI
FosA5|WP_040183342.1	NCBI
FosA5|URR02440.1	NCBI
FosA5|WP_117044021.1	NCBI
FosA5|WP_192955941.1	NCBI
FosA|WP_101836041.1	NCBI
FosA5|WP_094353702.1	NCBI
FosA5|WP_245146712.1	NCBI
FosA5|WP_032417829.1	NCBI
FosA5|WP_181590254.1	NCBI
FosA5|WP_088497937.1	NCBI
FosA5|WP_057222171.1	NCBI
FosA5|WP_171883102.1	NCBI
FosA5|WP_217045440.1	NCBI
FosA5|WP_064143645.1	NCBI
FosA5|WP_211600502.1	NCBI
FosA5|WP_159211658.1	NCBI
FosA5|WP_100291672.1	NCBI
FosA5|WP_141490301.1	NCBI
FosA5|WP_022615714.1	NCBI
FosA5|WP_234261523.1	NCBI
FosA5|WP_129721816.1	NCBI
FosA5|WP_061891911.1	NCBI
FosA10|MT074415.1	CARD+ResFinder
FosA5|WP_048996077.1	NCBI
FosA5|WP_060612663.1	NCBI
FosA5|WP_044241869.1	NCBI
FosB|GBD12249.1	NCBI
FosB|SQH69837.1	NCBI
FosB|QUQ62830.1	NCBI
FosB|CAH0256050.1	NCBI
FosB|AMY22970.1	
FosB|AHK27499.1	NCBI
FosB|AMY21147.1	NCBI
FosB|AIT43240.1	NCBI
FosB|STY81743.1	NCBI
FosB|STZ51062.1	NCBI
FosB|OFA04962.1	NCBI
FosB|VTU22768.1	NCBI
FosB|SUO94169.1	NCBI
FosB|ALK91304.1	NCBI
FosB|AOS96497.1	NCBI
FosB|APZ91801.1	NCBI
FosB|BCW87272.1	NCBI
FosB|CAG4906799.1	NCBI
FosB|OWK30998.1	NCBI
FosB|KJF22909.1	NCBI
FosB|AZG44216.1	NCBI
FosB|AWZ01983.1	NCBI
FosB|SPT57747.1	NCBI
FosB|QYC41365.1	NCBI
FosB|SPT52053.1	NCBI
FosB|KJF19637.1	NCBI
FosB|QCH25939.1	NCBI
FosB|TDZ78271.1	NCBI
FosB|PQM46223.1	NCBI
FosB|KLN52784.1	NCBI
FosB|GAW40299.1	NCBI
FosB|VTP07428.1	NCBI
FosB|TEA05452.1	NCBI
FosB|TDZ70865.1	NCBI
FosB|AMO63552.1	NCBI
FosB|KMO83214.1	NCBI
FosB|KMO72564.1	
FosB|VTO95389.1	NCBI
FosB|SON59330.1	NCBI
FosB|BCQ10978.1	NCBI
FosB|OVF05231.1	NCBI
FosB|QGW34472.1	NCBI
FosB|VAZ87082.1	NCBI
FosB|QFT76802.1	NCBI
FosB|BCW87280.1	NCBI
FosB|VBA33525.1	NCBI
FosB|VBA45455.1	NCBI
FosB|VBA46756.1	NCBI
FosB|KJF22923.1	NCBI
FosB|AUS49306.1	NCBI
FosB|RFZ56700.1	NCBI
FosB|RFZ61686.1	NCBI
FosB|RFZ35653.1	
FosB|QYL26958.1	NCBI
FosB|VTP03287.1	NCBI
FosB|VAZ88883.1	NCBI
FosB|VBA46593.1	NCBI
FosB|KPV98273.1	NCBI
FosB|VTU41714.1	NCBI
FosB|KAF1042937.1	NCBI
FosB|VCU68138.1	NCBI
FosB|PBI95840.1	NCBI
FosB|KEY59353.1	NCBI
FosB|QBM30076.1	NCBI
FosB|EWS63143.1	NCBI
FosB|QFT53059.1	NCBI
FosB|SJM36508.1	NCBI
FosB|SPF76364.1	NCBI
FosB|CUH86935.1	NCBI
FosB|VUD47504.1	NCBI
FosB|CUH49176.1	NCBI
FosB|SUA59987.1	NCBI
FosB|KXZ69725.1	NCBI
FosB|SSW66084.1	NCBI
FosB|SUI91943.1	NCBI
FosB|VEI69279.1	NCBI
FosB|QBM26999.1	NCBI
FosB|VCU70519.1	NCBI
FosB|VCU69109.1	NCBI
FosB|PNG61913.1	NCBI
FosB|SUY87719.1	NCBI
FosB|SUY79094.1	NCBI
FosB|KAF1042245.1	NCBI
FosB|CAB5705110.1	NCBI
FosB|SLN63435.1	NCBI
FosB|GAK33122.1	NCBI
FosB|GBF28992.1	NCBI
FosB|GBF56485.1	NCBI
FosB|CAD7340842.1	NCBI
FosB|KAF1021347.1	NCBI
FosB|VTX94628.1	NCBI
FosB|SWT41527.1	NCBI
FosB|UDY22074.1	NCBI
FosA|WP_133497719.1	NCBI
FosA|WP_200145559.1	NCBI
FosA|WP_192467493.1	NCBI
FosA|WP_105889626.1	NCBI
FosA|UPI86747.1	NCBI
FosA|WP_142466426.1	NCBI
FosA|WP_110277392.1	NCBI
FosA|WP_182236002.1	NCBI
FosA|WP_142512581.1	NCBI
FosA|WP_139539268.1	NCBI
FosA|WP_112215154.1	NCBI
FosA|WP_142514851.1	NCBI
FosA|WP_142462158.1	NCBI
FosA|WP_154678914.1	NCBI
FosA|STR36299.1	NCBI
FosA|CAH6327193.1	NCBI
FosA|WP_064358755.1	NCBI
FosA|WP_049069970.1	NCBI
FosA|WP_224255259.1	NCBI
FosA|UNF64772.1	NCBI
FosA|WP_200913863.1	NCBI
FosA|WP_195440986.1	NCBI
FosA|WP_087828885.1	NCBI
FosA|WP_004128503.1	NCBI
FosA|WP_048262587.1	NCBI
FosA|UTJ56807.1	NCBI
FosA|WP_142983865.1	NCBI
FosA|WP_142481512.1	NCBI
FosA|WP_207171901.1	NCBI
FosA|WP_142470459.1	
FosA|WP_123828505.1	NCBI
FosA|WP_223035428.1	NCBI
FosA|WP_154907714.1	NCBI
FosA|QLP46142.1	NCBI
FosA|WP_009652853.1	NCBI
FosA|WP_154920073.1	NCBI
FosA|QLW91712.1	NCBI
FosA|WP_154062683.1	
FosA|WP_064407418.1	
FosA|STU90188.1	
FosA|QKJ55408.1	NCBI
FosA|WP_109241319.1	NCBI
FosA|STW31863.1	NCBI
FosA|WP_224234721.1	NCBI
FosA|STV96474.1	NCBI
FosA|UHD03507.1	NCBI
FosA|WP_049080875.1	NCBI
FosA|WP_211800524.1	NCBI
FosA|QLS22036.1	NCBI
FosA|WP_182011952.1	
FosA|WP_142469538.1	
FosA|WP_047724618.1	
FosA|WP_220152074.1	NCBI
FosA|QLX17468.1	NCBI
FosA|WP_170101026.1	
FosA|WP_196546950.1	NCBI
FosA|WP_172879698.1	NCBI
FosA|UTJ41785.1	NCBI
FosA|WP_101867934.1	NCBI
FosA|QLT66732.1	NCBI
FosA|CAH6707038.1	NCBI
FosA|GJL12849.1	NCBI
FosA|WP_209573597.1	
FosA|WP_131930715.1	NCBI
FosA|WP_224359373.1	NCBI
FosA|QLO80314.1	NCBI
FosA|CAH5740526.1	NCBI
FosA|WP_070555191.1	NCBI
FosA|CAH3975582.1	NCBI
FosA|WP_064373737.1	NCBI
FosA|WP_200784848.1	NCBI
FosA|CAH6218635.1	NCBI
FosA|UNI53669.1	NCBI
FosA|WP_161505964.1	NCBI
FosA|WP_004098246.1	
FosA|WP_162122042.1	NCBI
FosA|WP_112167287.1	NCBI
FosA|CAH5474104.1	NCBI
FosA|QLO27041.1	
FosA|UIM60604.1	
FosA|WP_196564738.1	
FosA|WP_210614627.1	NCBI
FosA|WP_160887853.1	NCBI
FosA|CAH5759241.1	NCBI
FosA|WP_049127630.1	
FosA|UHD01344.1	NCBI
FosA5|WP_032437835.1	NCBI
FosA5|WP_114426077.1	NCBI
FosA5|WP_023280826.1	NCBI
FosA5|WP_186536091.1	NCBI
FosA5|WP_058228861.1	NCBI
FosA5|UKL47434.1	NCBI
FosA5|WP_102008383.1	NCBI
FosA5|WP_102099465.1	NCBI
FosA5|ARO_3003209	CARD+ResFinder
FosA5|WP_064146082.1	NCBI
FosA5|WP_117398545.1	NCBI
FosA5|WP_108433519.1	NCBI
FosA5|WP_142486031.1	NCBI
FosA5|WP_099761514.1	NCBI
FosA5|WP_221012918.1	NCBI
FosA5|WP_040237596.1	NCBI
FosA5|UTJ81103.1	NCBI
FosA5|UQS56055.1	NCBI
FosA5|WP_075394555.1	NCBI
FosA5|UTJ76223.1	NCBI
FosA|GHK54571.1	NCBI
FosA5|WP_240220258.1	NCBI
FosA5|WP_117058708.1	NCBI
FosB|CAH0290429.1	NCBI
FosB|VEF89421.1	NCBI
FosB|CVM94004.1	NCBI
FosB|CUB23814.1	NCBI
FosB|VCT96675.1	NCBI
FosB|QEK65365.1	NCBI
FosB|POZ56052.1	NCBI
FosB|EMR07274.1	NCBI
FosB|ARK32526.1	NCBI
FosB|CAH0227198.1	NCBI
FosB|CAH0219709.1	NCBI
FosB|CAH0294909.1	NCBI
FosB|SME23395.1	NCBI
FosB|OAX50595.1	NCBI
FosB|SON55052.1	NCBI
FosB|SCX31622.1	NCBI
FosB|CRL12565.1	NCBI
FosB|CRL16307.1	
FosB|GAV34445.1	NCBI
FosB|AKP76150.1	NCBI
FosB|CJF64130.1	NCBI
FosB|CAH0208334.1	NCBI
FosB|ERH99424.1	NCBI
FosB|KAA1807317.1	NCBI
FosB|CRG02779.1	NCBI
FosB|SME46401.1	NCBI
FosB|ALZ61283.1	NCBI
FosB|SME42048.1	NCBI
FosB|BBK96104.1	NCBI
FosB|SME36076.1	NCBI
FosB|SME40778.1	NCBI
FosB|SME34626.1	NCBI
FosB|PRP98904.1	NCBI
FosB|SME35144.1	NCBI
FosB|OBW46163.1	NCBI
FosB|SQA88928.1	NCBI
FosB|SUX46458.1	NCBI
FosB|SUX42930.1	NCBI
FosB|CAH0264057.1	NCBI
FosB|VFA43638.1	NCBI
FosB|CAH0163794.1	NCBI
FosB|STD07184.1	NCBI
FosB|VEE10538.1	NCBI
FosB|SQB43479.1	NCBI
FosB|VEH18983.1	NCBI
FosB|SME43162.1	NCBI
FosB|SME42698.1	NCBI
FosB|SME34498.1	NCBI
FosB|CUB08374.1	NCBI
FosB|CRH65991.1	NCBI
FosB|CAH0236775.1	NCBI
FosB|CAH0182901.1	NCBI
FosB|CAH0193518.1	NCBI
FosB|CAH0232177.1	NCBI
FosB|CAH0322912.1	NCBI
FosB|SME42067.1	NCBI
FosB|SME52905.1	NCBI
FosB|CAG9609446.1	NCBI
FosB|CAH1054415.1	NCBI
FosB|SME53230.1	NCBI
FosB|SME39813.1	
FosB|VIJ04476.1	NCBI
FosB|SME45521.1	NCBI
FosB|ALZ61530.1	
FosB|VDG96851.1	NCBI
FosB|PRQ01839.1	NCBI
FosB|SME28169.1	NCBI
FosB|BBK94488.1	NCBI
FosB|SME36899.1	NCBI
FosB|SME29172.1	NCBI
FosB|SME21441.1	NCBI
FosB|SME71306.1	NCBI
FosB|KAA1806043.1	NCBI
FosB|ARO59653.1	NCBI
FosB|ERI02572.1	NCBI
FosB|USP51016.1	NCBI
FosA|QNQ22653.1	NCBI
FosA|WP_094422779.1	NCBI
FosA|WP_124970024.1	NCBI
FosA|WP_233631498.1	NCBI
FosA|WP_042714555.1	NCBI
FosA|WP_139966692.1	NCBI
FosA|WP_054802834.1	NCBI
FosA|WP_128483701.1	NCBI
FosB|Q03382.1	NCBI
FosB|ADA80198.1	
FosA5|WP_200779055.1	NCBI
FosA5|WP_155009293.1	NCBI
FosA5|WP_080848022.1	NCBI
FosA5|WP_023342527.1	NCBI
FosA5|WP_102004207.1	NCBI
FosA5|USO43226.1	NCBI
FosA5|WP_221018695.1	NCBI
FosA5|WP_114444841.1	NCBI
FosA5|WP_060591547.1	NCBI
FosA5|WP_131010476.1	NCBI
FosA5|WP_110224790.1	NCBI
FosB|SCJ81710.1	NCBI
FosB|PRR82509.1	NCBI
FosB|AMJ41255.1	NCBI
FosB|GFI61238.1	NCBI
FosB|GAX66576.1	NCBI
FosB|QEK17735.1	NCBI
FosB|SCH54917.1	NCBI
FosB|SJS63733.1	NCBI
FosB|VUX28747.1	NCBI
FosB|VUW95003.1	NCBI
FosB|CUQ59618.1	NCBI
FosB|OPZ98857.1	NCBI
FosB|SCJ67689.1	NCBI
FosB|CUQ10820.1	NCBI
FosB|OBR89661.1	NCBI
FosB|OAA90501.1	NCBI
FosB|OVY51211.1	NCBI
FosB|OBR97542.1	NCBI
FosB|SCH36455.1	NCBI
FosB|SJT09600.1	NCBI
FosB|GFI41747.1	NCBI
FosB|SQI08893.1	NCBI
FosB|SJS89005.1	NCBI
FosA|WP_195709866.1	NCBI
FosA|WP_076946495.1	NCBI
FosA|WP_104896590.1	NCBI
FosA|WP_241784341.1	NCBI
FosA|WP_095104053.1	NCBI
FosA|WP_099842693.1	NCBI
FosA|WP_071359131.1	NCBI
FosA|ULI46919.1	NCBI
FosA|NG_047885.1	CARD+ResFinder
FosA|WP_143722795.1	NCBI
FosA|WP_127673703.1	NCBI
FosA|WP_105633913.1	NCBI
FosA|WP_105664358.1	NCBI
FosA|WP_105635799.1	NCBI
FosA|WP_161590281.1	NCBI
FosA|WP_105639046.1	NCBI
FosA|WP_105737358.1	NCBI
FosA|WP_038887664.1	NCBI
FosA|WP_105666007.1	NCBI
FosA|WP_105648525.1	NCBI
FosA|WP_105739553.1	NCBI
FosA|WP_105667417.1	NCBI
FosA|WP_038871965.1	NCBI
FosA|WP_105631856.1	NCBI
FosA|WP_161591974.1	NCBI
FosA|WP_105539126.1	NCBI
FosA|WP_105580770.1	NCBI
FosA|WP_075198685.1	NCBI
FosA|FN543093.2	CARD+ResFinder
FosA|WP_161588733.1	NCBI
FosA|WP_166489987.1	NCBI
FosA|WP_146378603.1	NCBI
FosA|WP_007698054.1	NCBI
FosA|WP_165154194.1	NCBI
FosA|WP_105628044.1	NCBI
FosA|WP_007793725.1	NCBI
FosA|WP_171998325.1	NCBI
FosA|WP_038862786.1	NCBI
FosA|WP_075193191.1	NCBI
FosA|WP_105719672.1	NCBI
FosA|WP_105654630.1	NCBI
FosA|WP_105679947.1	NCBI
FosA|WP_105659478.1	NCBI
FosA|WP_105744669.1	NCBI
FosA|WP_038883625.1	NCBI
FosA|WP_165770403.1	NCBI
FosA|WP_032993036.1	NCBI
FosA|WP_032989463.1	NCBI
FosA|WP_063265673.1	NCBI
FosA|WP_007775411.1	NCBI
FosA|WP_105652895.1	NCBI
FosA|WP_194565714.1	NCBI
FosA|WP_105610170.1	NCBI
FosA|WP_032970145.1	NCBI
FosA|WP_105612872.1	NCBI
FosA|WP_162618187.1	NCBI
FosA|WP_085660858.1	NCBI
FosA|WP_105536988.1	NCBI
FosA|WP_175567679.1	NCBI
FosA|WP_167553579.1	NCBI
FosA|WP_165770128.1	NCBI
FosA|WP_199780225.1	NCBI
FosA|WP_041460949.1	NCBI
FosA|WP_171966612.1	NCBI
FosA|WP_199779525.1	NCBI
FosA|QWR82153.1	NCBI
FosA|WP_202628206.1	NCBI
FosA|WP_161585283.1	NCBI
FosA|WP_167591537.1	NCBI
FosA|WP_161585070.1	NCBI
FosA|WP_029039385.1	NCBI
FosA|WP_181816174.1	NCBI
FosA|WP_199777085.1	NCBI
FosA|WP_161575538.1	NCBI
FosA|WP_242190577.1	NCBI
FosA|WP_085198355.1	NCBI
FosA|UEQ66242.1	NCBI
FosA|GGD18272.1	NCBI
FosA|WP_069682229.1	NCBI
FosA|WP_165770185.1	NCBI
FosA|WP_097641880.1	NCBI
FosA|WP_110809175.1	NCBI
FosA|WP_199782257.1	NCBI
FosA|WP_161582427.1	NCBI
FosA|QXL95725.1	NCBI
FosA|WP_165770873.1	NCBI
FosA|BCA40385.1	NCBI
FosA|WP_248538951.1	NCBI
FosA|WP_123651213.1	NCBI
FosA|QJW55234.1	NCBI
FosA|CUW21575.1	NCBI
FosA|SUI51288.1	NCBI
FosA|CAB5647206.1	NCBI
FosA|CAH3742392.1	NCBI
FosA|SAY43633.1	NCBI
FosA|CAH3991067.1	NCBI
FosA|CAH5307928.1	NCBI
FosA|CAH5324235.1	NCBI
FosA|CAH5312079.1	NCBI
FosA|CAH3651970.1	NCBI
FosA|BBV66621.1	NCBI
FosA|WP_185666478.1	NCBI
FosA|WP_220439896.1	NCBI
FosA|WP_132730055.1	NCBI
FosA|WP_049267561.1	NCBI
FosA|WP_128319375.1	NCBI
FosA|WP_132467429.1	NCBI
FosA|QZS63728.1	NCBI
FosA|WP_133959948.1	NCBI
FosA|WP_064385503.1	NCBI
FosA|WP_192482267.1	NCBI
FosA|UNK77192.1	NCBI
FosA|VTM72867.1	NCBI
FosA|UAN10109.1	NCBI
FosA|CAH3726174.1	NCBI
FosA|WP_131049470.1	NCBI
FosA|BBV78367.1	NCBI
FosA|WP_100684684.1	NCBI
FosA|WP_141965381.1	NCBI
FosA|WP_064359613.1	NCBI
FosA|WP_159237587.1	NCBI
FosA|VED54469.1	NCBI
FosA|WP_132513485.1	NCBI
FosA|WP_123710241.1	NCBI
FosA|WP_178995879.1	NCBI
FosA|WP_115193646.1	NCBI
FosA|WP_045860222.1	NCBI
FosA|WP_041143883.1	NCBI
FosB|TWK72952.1	NCBI
FosB|TWO00554.1	NCBI
FosB|TWO09826.1	NCBI
FosB|TWM36123.1	NCBI
FosX|SCH98848.1	NCBI
FosB|CUM78044.1	NCBI
FosB|SBA28343.1	NCBI
FosB|RSJ67818.1	NCBI
FosB|SME10012.1	NCBI
FosB|BAV02353.1	NCBI
FosB|VEH89433.1	NCBI
FosB|SME49307.1	NCBI
FosB|SME73257.1	NCBI
FosB|SME36820.1	NCBI
FosB|SME26295.1	NCBI
FosB|SME35589.1	NCBI
FosB|CUB37733.1	NCBI
FosB|BBK96164.1	NCBI
FosB|CUB09517.1	NCBI
FosB|PRP98966.1	NCBI
FosA5|WP_060876605.1	NCBI
FosA5|WP_181351844.1	NCBI
FosA5|WP_101862309.1	NCBI
FosA5|WP_032454748.1	NCBI
FosA5|WP_065804842.1	NCBI
FosA5|WP_044525272.1	NCBI
FosA5|WP_065883228.1	NCBI
FosA5|WP_023291828.1	NCBI
FosA5|WP_048296587.1	NCBI
FosA5|WP_080820788.1	NCBI
FosA5|USY13549.1	NCBI
FosA5|WP_232712139.1	NCBI
FosA5|WP_065812841.1	NCBI
FosA5|WP_072422432.1	NCBI
FosA5|WP_101866098.1	NCBI
FosA5|WP_104467282.1	NCBI
FosA5|WP_117132857.1	NCBI
FosA|BDO21269.1	NCBI
FosA5|WP_048336340.1	NCBI
FosA|QOU74138.1	NCBI
FosA5|URR17637.1	NCBI
FosA5|WP_110197193.1	NCBI
FosA5|WP_220989740.1	NCBI
FosA5|WP_064143040.1	NCBI
FosA5|WP_070544529.1	NCBI
FosA5|WP_087499142.1	NCBI
FosA|UGK56926.1	NCBI
FosA4|ARO_3003210	Kleborate 
FosA|WP_061280023.1	NCBI
FosA|WP_052282637.1	NCBI
FosA|WP_112204730.1	NCBI
FosA|WP_172728651.1	NCBI
FosA5|WP_114263105.1	NCBI
FosA|WP_123348672.1	NCBI
FosA5|WP_110221248.1	NCBI
FosA5|WP_218796166.1	NCBI
FosA5|WP_194400860.1	NCBI
FosA5|WP_063266777.1	NCBI
FosA5|WP_049152927.1	NCBI
FosA|STW24966.1	NCBI
FosA5|WP_122490175.1	NCBI
FosA5|WP_044649950.1	NCBI
FosA5|WP_049014157.1	NCBI
FosA5|WP_046882159.1	NCBI
FosA5|WP_154045799.1	NCBI
FosA5|WP_247098631.1	NCBI
FosA5|WP_110196617.1	NCBI
FosA5|WP_032740393.1	NCBI
FosA5|WP_218801723.1	NCBI
FosA5|WP_244356297.1	NCBI
FosA5|WP_070984541.1	NCBI
FosA9|WP_114473955.1	NCBI
FosA5|WP_048271457.1	NCBI
FosA5|WP_179154001.1	NCBI
FosA5|WP_224252356.1	NCBI
FosA5|WP_101859424.1	NCBI
FosA5|WP_064188510.1	NCBI
FosA5|WP_043875853.1	NCBI
FosA5|WP_117143413.1	NCBI
FosA5|WP_119867150.1	NCBI
FosA5|WP_064170638.1	NCBI
FosA5|UNA36648.1	NCBI
FosA|VTN70868.1	NCBI
FosA5|URK12733.1	NCBI
FosA5|UHD25911.1	NCBI
FosA5|UAA04229.1	NCBI
FosA5|WP_241508484.1	NCBI
FosB|SPT80778.1	NCBI
FosA5|WP_117134250.1	NCBI
FosA5|WP_126494829.1	NCBI
FosA5|WP_213222752.1	NCBI
FosA5|WP_136027350.1	NCBI
FosA5|WP_064183604.1	NCBI
FosA5|WP_231829086.1	NCBI
FosA5|WP_163620120.1	NCBI
FosA5|WP_053810803.1	NCBI
FosA5|WP_100676438.1	NCBI
FosA5|WP_074387173.1	NCBI
FosA5|WP_117246854.1	NCBI
FosA5|WP_072045951.1	NCBI
FosA5|WP_048963682.1	NCBI
FosA5|WP_032455485.1	NCBI
FosA|GKV97161.1	NCBI
FosA|GKW26313.1	NCBI
FosA5|WP_101992271.1	NCBI
FosA5|WP_230354670.1	NCBI
FosA5|WP_049116148.1	NCBI
FosA5|WP_218422718.1	NCBI
FosA5|WP_146412500.1	NCBI
FosA5|WP_211774601.1	NCBI
FosA5|WP_064795087.1	NCBI
FosA|WP_138361798.1	NCBI
FosA|WP_123757678.1	NCBI
FosA5|WP_101839050.1	NCBI
FosA5|WP_004204146.1	NCBI
FosA5|WP_110213694.1	NCBI
FosA5|WP_095033491.1	NCBI
FosA5|WP_061155896.1	NCBI
FosA5|WP_221396079.1	NCBI
FosA5|ULD76843.1	NCBI
FosA5|WP_094310447.1	NCBI
FosA5|URI23982.1	NCBI
FosA5|WP_025713139.1	NCBI
FosA5|WP_136088328.1	NCBI
FosA5|WP_023322008.1	NCBI
FosA5|WP_153679007.1	NCBI
FosA5|WP_100698680.1	NCBI
FosA5|WP_241514461.1	NCBI
FosA5|WP_250108183.1	NCBI
FosA5|UKL23106.1	NCBI
FosA7|WP_149607565.1	NCBI
FosB|RMA07040.1	NCBI
FosA7|WP_064757576.1	NCBI
FosA7|WP_137364920.1	NCBI
FosA7|WP_137365105.1	NCBI
FosA7|WP_049113952.1	NCBI
FosB|SUF39489.1	NCBI
FosA7|WP_096878606.1	NCBI
FosA7|WP_064580700.1	NCBI
FosA7|WP_221018367.1	NCBI
FosA7|WP_252430386.1	NCBI
FosB|TJQ77263.1	NCBI
FosA7|QLZ32873.1	NCBI
FosB|KJM41152.1	NCBI
FosA7|WP_094888316.1	NCBI
FosA7|WP_087879153.1	NCBI
FosA7|WP_082328117.1	NCBI
FosA7|WP_201476935.1	NCBI
FosA7|WP_094163054.1	NCBI
FosA7|WP_054626863.1	NCBI
FosA|CAD5710774.1	NCBI
FosA7|ARO_3005162	
FosA7|WP_063252610.1	NCBI
FosA7|WP_185791537.1	NCBI
FosA7|WP_058668522.1	NCBI
FosA7|WP_097497719.1	NCBI
FosA7|WP_047360629.1	NCBI
FosA7|WP_143439865.1	NCBI
FosA7|WP_049152503.1	NCBI
FosA7|WP_110225974.1	NCBI
FosB|RMC80758.1	NCBI
FosA7|WP_142478782.1	NCBI
FosB|SUH40010.1	NCBI
FosA7|WP_060656901.1	NCBI
FosA7|WP_110203554.1	NCBI
FosA7|WP_126033571.1	NCBI
FosB|VEA64285.1	NCBI
FosA7|WP_049094497.1	NCBI
FosA7|WP_072383501.1	NCBI
FosA7|WP_134769780.1	NCBI
FosA7|WP_251998510.1	NCBI
FosA7|WP_064582324.1	NCBI
FosA7|WP_064760099.1	NCBI
FosA7|WP_047737563.1	NCBI
FosA7|WP_108367423.1	NCBI
FosA7|WP_182033642.1	NCBI
FosB|AYY22759.1	NCBI
FosA7|WP_080151411.1	NCBI
FosA7|WP_079825509.1	NCBI
FosB|TMV58705.1	NCBI
FosA7|ARO_3004113	Kleborate 
FosA|CAH6202861.1	NCBI
FosB|ANW72063.1	NCBI
FosB|SUH72398.1	NCBI
FosB|AYJ60820.1	NCBI
FosA|VTM40242.1	NCBI
FosB|ESF42752.1	NCBI
FosA|VAN50725.1	NCBI
FosB|RRF30945.1	NCBI
FosB|SUE57636.1	NCBI
FosA7|TGD05651.1	NCBI
FosB|CCU27490.1	NCBI
FosA7|TSI03926.1	NCBI
FosA7|WP_079834656.1	NCBI
FosA7|WP_058652268.1	NCBI
FosB|AZT47992.1	NCBI
FosA7|TSE72802.1	NCBI
FosA7|CAH2832405.1	NCBI
FosA7|QGR55618.1	NCBI
FosB|SUH40009.1	NCBI
FosA7|TKG82472.1	NCBI
FosA7|WP_183053146.1	NCBI
FosA|WP_212478299.1	NCBI
FosA|WP_233801803.1	NCBI
FosA|WP_046886454.1	NCBI
FosA8|WP_039030566.1	NCBI
FosA8|WP_250587455.1	NCBI
FosA8|WP_077226558.1	NCBI
FosA8|WP_144838613.1	NCBI
FosA8|WP_142488054.1	NCBI
FosA8|WP_156262805.1	NCBI
FosA8|WP_231313188.1	NCBI
FosA8|WP_159340144.1	NCBI
FosA8|WP_103178080.1	NCBI
FosA8|WP_214421567.1	NCBI
FosA8|WP_114316015.1	NCBI
FosA8|WP_156237674.1	NCBI
FosA8|WP_103823080.1	NCBI
FosA8|WP_166181462.1	NCBI
FosA8|WP_225759692.1	NCBI
FosA8|WP_156653817.1	NCBI
FosA8|WP_117386294.1	NCBI
FosA8|WP_059308838.1	NCBI
FosA8|QTI08679.1	NCBI
FosA8|WP_139564136.1	NCBI
FosA8|WP_223074409.1	NCBI
FosA8|WP_223610440.1	NCBI
FosA8|WP_103792645.1	NCBI
FosA8|UBH66321.1	NCBI
FosA8|WP_204231253.1	NCBI
FosA8|WP_144884380.1	NCBI
FosA8|WP_230431151.1	NCBI
FosA|WP_107702334.1	NCBI
FosA|WP_194512644.1	NCBI
FosA|WP_123429556.1	NCBI
FosA|WP_231276764.1	NCBI
FosA|WP_103948237.1	NCBI
FosA|WP_095280608.1	NCBI
FosA|WP_103949883.1	NCBI
FosA|WP_174348735.1	NCBI
FosA|WP_248859609.1	NCBI
FosA|QMM51463.1	NCBI
FosA|WP_061708821.1	NCBI
FosA|BBS35622.1	NCBI
FosA|VAM40441.1	NCBI
FosA|VAF50905.1	NCBI
FosA|CAH5928550.1	NCBI
FosA|VAF98802.1	NCBI
FosA|CQR79051.1	NCBI
FosA|CAD5352289.1	NCBI
FosA|BBV90110.1	NCBI
FosA|VAL33731.1	NCBI
FosA|VAC93945.1	NCBI
FosA|SAF87895.1	NCBI
FosA|CAA2945803.1	NCBI
FosA|CAH4967074.1	NCBI
FosA|CAH3866185.1	NCBI
FosA|CAH5087317.1	NCBI
FosA|BBV79992.1	NCBI
FosA|CAH5471840.1	NCBI
FosA|CAH6179802.1	NCBI
FosA|VAK49963.1	NCBI
FosA|VAK93493.1	NCBI
FosA|VAL02916.1	NCBI
FosA|CZZ62857.1	NCBI
FosA|VAM32178.1	NCBI
FosA|KHG43314.1	NCBI
FosA|VAF41391.1	NCBI
FosA|SAC09151.1	NCBI
FosA|SSI82480.1	NCBI
FosA|CAH3847062.1	NCBI
FosA|CAH3687394.1	NCBI
FosA|CAH3389404.1	NCBI
FosA|VAK43447.1	NCBI
FosA|CZZ03473.1	NCBI
FosA|CAH5565197.1	NCBI
FosA|VAM00284.1	NCBI
FosA|VAG42580.1	NCBI
FosA|VAL46676.1	NCBI
FosA|CAH5963795.1	NCBI
FosA|VAE64960.1	NCBI
FosA|SAC79443.1	NCBI
FosA|VAE98269.1	NCBI
FosA|CAH3500043.1	NCBI
FosA|CAH6166140.1	NCBI
FosA|BBS30469.1	NCBI
FosA|SBL92031.1	NCBI
FosA|VAE62469.1	NCBI
FosA|CAH3496011.1	NCBI
FosA|VAL61823.1	NCBI
FosA|BBV85197.1	NCBI
FosA|BBW20234.1	NCBI
FosA|CAH5482907.1	NCBI
FosA|SAI60351.1	NCBI
FosA|VAF11488.1	NCBI
FosA|VAF89225.1	NCBI
FosA|VAL96561.1	NCBI
FosA|VAL49734.1	NCBI
FosA|SAB38861.1	NCBI
FosA|CAH3563053.1	NCBI
FosA|CAH5610765.1	NCBI
FosA|BBW25353.1	NCBI
FosA|M85195.1	CARD+ResFinder
FosA|CAH5098228.1	NCBI
FosA|CAH6665624.1	NCBI
FosA|CAH0249330.1	NCBI
FosA2|ARO_3002804	Kleborate 
FosA|SAC50411.1	NCBI
FosA|CAH5845460.1	NCBI
FosA|VAE55785.1	NCBI
FosA|AEXB01000013.1	CARD+ResFinder
FosA|VAC79160.1	NCBI
FosA|VAK70091.1	NCBI
FosA|VAF62624.1	NCBI
FosA|VAC29640.1	NCBI
FosA|VAC49349.1	NCBI
FosA|CAH6259671.1	NCBI
FosA|CAH5134173.1	NCBI
FosA|SAG23012.1	NCBI
FosA5|WP_114508532.1	NCBI
FosA5|WP_130942942.1	NCBI
FosA5|WP_064178560.1	NCBI
FosA5|WP_172907702.1	NCBI
FosA5|WP_103826290.1	NCBI
FosA5|WP_200145011.1	NCBI
FosA5|UNX73269.1	NCBI
FosA5|WP_077203898.1	NCBI
FosA5|WP_045389414.1	NCBI
FosA5|WP_182015180.1	NCBI
FosA5|WP_047037779.1	NCBI
FosA5|WP_047065157.1	NCBI
FosA5|WP_047043824.1	NCBI
FosA5|WP_045395464.1	NCBI
FosA5|WP_047054117.1	NCBI
FosA5|WP_063443554.1	NCBI
FosA5|WP_047080325.1	NCBI
FosA5|WP_116328549.1	NCBI
FosA5|WP_200783140.1	NCBI
FosA5|WP_226420174.1	NCBI
FosA5|WP_048230562.1	NCBI
FosA|WP_163279911.1	NCBI
FosA5|WP_032709784.1	NCBI
FosA5|WP_047041198.1	NCBI
FosA5|WP_015368459.1	NCBI
FosA5|WP_242814346.1	NCBI
FosA5|UNX67748.1	NCBI
FosA5|WP_015704268.1	NCBI
FosA5|WP_209163055.1	NCBI
FosA5|WP_032713228.1	NCBI
FosA|WP_088237334.1	NCBI
FosA|WP_249880669.1	NCBI
FosA|WP_086870304.1	NCBI
FosA|WP_097401165.1	NCBI
FosA|WP_131412740.1	NCBI
FosA|WP_193821728.1	NCBI
FosA|WP_200553249.1	NCBI
FosA|WP_045510135.1	NCBI
FosA|WP_160271229.1	NCBI
FosA|WP_097407434.1	
FosA|WP_017457793.1	NCBI
FosA|WP_065369375.1	NCBI
FosA|WP_175273517.1	NCBI
FosA|WP_090132576.1	NCBI
FosA|WP_208657357.1	NCBI
FosA|WP_043955169.1	NCBI
FosA|WP_227123193.1	NCBI
FosA|WP_064569083.1	NCBI
FosA|WP_071921821.1	NCBI
FosA|WP_007372992.1	NCBI
FosA|WP_035886670.1	NCBI
FosA|WP_090081295.1	NCBI
FosA|WP_125125395.1	NCBI
FosA|WP_193795031.1	NCBI
FosA|WP_222557018.1	NCBI
FosA|WP_169039980.1	NCBI
FosA|WP_108702087.1	NCBI
FosA|GJL35403.1	NCBI
FosA|WP_047371982.1	NCBI
FosA|WP_085005262.1	NCBI
FosA|WP_250353263.1	NCBI
FosA5|WP_072383849.1	NCBI
FosA5|WP_212769396.1	NCBI
FosA5|WP_045365318.1	NCBI
FosA5|WP_020079719.1	NCBI
FosA5|WP_063446281.1	NCBI
FosA5|WP_047078040.1	NCBI
FosA5|WP_063447363.1	NCBI
FosA5|WP_230250310.1	NCBI
FosA5|WP_046883377.1	NCBI
FosA5|WP_101706020.1	NCBI
FosA5|WP_087858271.1	NCBI
FosA5|WP_160125068.1	NCBI
FosA5|WP_231792819.1	NCBI
FosA5|WP_147733687.1	NCBI
FosA5|WP_234282745.1	NCBI
FosA|BBR85295.1	NCBI
FosA5|WP_029602245.1	NCBI
FosA5|WP_072414086.1	NCBI
FosA5|WP_202024132.1	NCBI
FosA5|WP_221092783.1	NCBI
FosA5|WP_023319651.1	NCBI
FosA5|UKL42753.1	NCBI
FosA5|WP_131079636.1	NCBI
FosA5|UNA33518.1	NCBI
FosA5|WP_048267406.1	NCBI
FosA5|WP_138679393.1	NCBI
FosA5|UTB35873.1	NCBI
FosA5|UMP95759.1	NCBI
FosA5|WP_069339382.1	NCBI
FosA5|WP_087851454.1	NCBI
FosA5|WP_110235477.1	NCBI
FosA5|WP_108443719.1	NCBI
FosB|SPY74647.1	NCBI
FosB|KPZ71914.1	NCBI
FosB|KPZ63602.1	NCBI
FosA5|WP_165470576.1	NCBI
FosA5|WP_080882720.1	NCBI
FosA6|KU254579.1	CARD+ResFinder
FosA5|WP_087761439.1	NCBI
FosB|EXY96800.1	NCBI
FosB|SUB78037.1	NCBI
FosB|EXY96801.1	NCBI
FosB|SUV30601.1	NCBI
FosB|SUB97834.1	NCBI
FosB|SJL24168.1	NCBI
FosB|VFB14089.1	NCBI
FosB|SUV34230.1	NCBI
FosB|SNV54185.1	NCBI
FosB|VEJ18140.1	NCBI
FosB|STA71258.1	NCBI
FosB|VDH01068.1	NCBI
FosB|SCQ22281.1	NCBI
FosB|SCQ21488.1	NCBI
FosA5|WP_126478395.1	NCBI
FosA5|WP_117034067.1	NCBI
FosA5|WP_087785957.1	NCBI
FosX|CDI43439.1	NCBI
FosX|CCK85818.1	NCBI
FosA5|WP_115186265.1	NCBI
FosA5|WP_080893191.1	NCBI
FosA5|WP_117094843.1	NCBI
FosA5|WP_202706275.1	NCBI
FosA5|WP_060175549.1	NCBI
FosA5|WP_135724936.1	NCBI
FosA|UMV12007.1	NCBI
FosB|PYO52616.1	NCBI
FosB|SUT99166.1	NCBI
FosA|GGC18439.1	NCBI
FosA5|WP_200143631.1	NCBI
FosA5|WP_117101754.1	NCBI
FosA5|WP_048271277.1	NCBI
FosB|CDF27018.1	NCBI
FosB|CCZ54244.1	NCBI
FosA5|WP_117114399.1	NCBI
FosB|SUD98642.1	NCBI
FosB|SUD95103.1	
FosA5|WP_115376434.1	NCBI
FosX|PMQ05724.1	NCBI
FosX|GFZ90596.1	NCBI
FosB|OLS56730.1	NCBI
FosX|OZC16434.1	NCBI
FosA5|WP_085842958.1	NCBI
FosB|KMO68812.1	NCBI
FosB|KMO66874.1	NCBI
FosB|QFU94496.1	NCBI
FosB|OAP27882.1	NCBI
FosA5|UHL79323.1	NCBI
FosA5|WP_220123453.1	NCBI
FosA|CP052262.1	CARD+ResFinder
FosA5|WP_223370389.1	NCBI
FosA5|WP_101971028.1	NCBI
FosA5|WP_021467857.1	NCBI
FosA5|WP_109217541.1	NCBI
FosA5|WP_117362262.1	NCBI
FosA5|WP_021441132.1	NCBI
FosA5|WP_065811652.1	NCBI
FosA5|WP_024622981.1	NCBI
FosA5|WP_040184167.1	NCBI
FosA5|NG_047881.1	CARD+ResFinder
FosB|VDH02833.1	NCBI
FosB|ADB10196.1	NCBI
FosY|QOC77006.1	NCBI
FosX|QOC77008.1	NCBI
FosA5|WP_203282914.1	NCBI
FosA|GGL47799.1	NCBI
FosB|KAH0824995.1	NCBI
FosB|RKF94550.1	
FosA|GGM08764.1	NCBI
FosA|BDB72339.1	NCBI
FosL|AEC13078.1	NCBI
FosA|BCX50909.1	NCBI
FosA|QIZ22729.1	NCBI
FosA|BCJ07180.1	NCBI
FosA|CRM29168.1	NCBI
FosA|CAD0260470.1	NCBI
FosA|CAH0131632.1	NCBI
FosA|VVP68807.1	NCBI
FosA|VVN22724.1	NCBI
FosA|VVM84198.1	NCBI
FosA|BCT31892.1	NCBI
FosA|SLM62603.1	NCBI
FosA|BBN53283.1	NCBI
FosA|BBP61015.1	NCBI
FosA|UII16639.1	NCBI
FosA|CAH0319431.1	NCBI
FosA|BBP69379.1	NCBI
FosA|GGK15473.1	NCBI
FosA|CAH0320639.1	NCBI
FosA|GID07020.1	NCBI
FosB|PQM49532.1	NCBI
FosB|QGW34515.1	NCBI
FosB|OVF05187.1	NCBI
FosA|CAH0317902.1	NCBI
FosB|AFT69103.1	NCBI
FosA|WP_121501258.1	NCBI
FosA|WP_128711674.1	NCBI
FosA|UTQ24840.1	NCBI
FosA|WP_038402884.1	NCBI
FosA|WP_073648456.1	NCBI
FosA|WP_134634229.1	NCBI
FosA|UNE37032.1	NCBI
FosA|WP_034031812.1	NCBI
FosA|WP_179279268.1	NCBI
FosA|WP_171434018.1	NCBI
FosA|WP_124101673.1	NCBI
FosA|WP_049308955.1	NCBI
FosA|WP_023112252.1	NCBI
FosA|WP_128695760.1	NCBI
FosA|WP_126675916.1	NCBI
FosA|WP_121327583.1	NCBI
FosA|WP_033994312.1	NCBI
FosA|WP_132502568.1	NCBI
FosA|WP_213159510.1	NCBI
FosA|WP_034024411.1	NCBI
FosA|WP_121124885.1	NCBI
FosA|WP_060853504.1	NCBI
FosA|WP_126160147.1	NCBI
FosA|WP_210774107.1	NCBI
FosA|WP_025270918.1	NCBI
FosA|WP_132687226.1	NCBI
FosA|WP_128671446.1	NCBI
FosA|WP_034012857.1	NCBI
FosA|WP_034013070.1	NCBI
FosA|WP_061191627.1	NCBI
FosA|WP_058174062.1	NCBI
FosA|WP_109390326.1	NCBI
FosA|WP_216702353.1	NCBI
FosA|WP_016253726.1	NCBI
FosA|WP_023112825.1	NCBI
FosA|WP_033984953.1	NCBI
FosA|UKW00267.1	NCBI
FosA|WP_023129051.1	NCBI
FosA|WP_172441382.1	NCBI
FosA|WP_129445450.1	NCBI
FosA|WP_241289457.1	NCBI
FosA|WP_069953532.1	NCBI
FosA|WP_134612968.1	NCBI
FosA|WP_034019847.1	NCBI
FosA|WP_132670354.1	NCBI
FosA|WP_034082216.1	NCBI
FosA|WP_240266932.1	NCBI
FosA|WP_171944745.1	NCBI
FosA|WP_105750378.1	NCBI
FosA|UTN29914.1	NCBI
FosA|WP_043104070.1	NCBI
FosA|WP_171884247.1	NCBI
FosA|UNT28179.1	NCBI
FosA|WP_126710036.1	NCBI
FosA|WP_043511468.1	NCBI
FosA|WP_124201624.1	NCBI
FosA|WP_031672681.1	NCBI
FosA|WP_124089389.1	NCBI
FosA|WP_121334468.1	NCBI
FosA|WP_124984753.1	NCBI
FosA|UTL95036.1	NCBI
FosA|WP_033969283.1	NCBI
FosA|QMX79334.1	NCBI
FosA|WP_057388878.1	NCBI
FosA|WP_124198266.1	NCBI
FosA|WP_119518586.1	NCBI
FosA|QYE76635.1	NCBI
FosA|WP_128685483.1	NCBI
FosA|WP_033976670.1	NCBI
FosA|WP_134543657.1	NCBI
FosA|WP_132823290.1	NCBI
FosA|WP_015503336.1	NCBI
FosA|WP_086339432.1	NCBI
FosA|WP_073667508.1	NCBI
FosA|UOD22241.1	NCBI
FosB|STQ45637.1	NCBI
FosB|PMQ07236.1	NCBI
FosA|USI80872.1	NCBI
FosB|QFU04494.1	NCBI
FosA|WP_096314447.1	NCBI
FosA|WP_132781050.1	NCBI
FosA|WP_049243874.1	NCBI
FosA|WP_134549354.1	NCBI
FosA|WP_061190794.1	NCBI
FosA|WP_132425531.1	NCBI
FosA|WP_089030587.1	NCBI
FosA|WP_116805234.1	NCBI
FosA|WP_087851202.1	NCBI
FosA|CP054792.1	CARD+ResFinder
FosA|UTR18226.1	NCBI
FosA|WP_181265131.1	NCBI
FosA|WP_134301628.1	NCBI
FosA|UOE65982.1	NCBI
FosA|WP_134635262.1	NCBI
FosA|WP_058016938.1	NCBI
FosA|WP_126584414.1	NCBI
FosD|AEC13070.1	NCBI
FosB|AEC13080.1	NCBI
FosI|AEC13075.1	NCBI
FosC|AEC13069.1	NCBI
FosM|AEC13068.1	NCBI
FosF|AEC13072.1	NCBI
FosE|AEC13071.1	NCBI
